train_id,cert_telecom_expiry,job_card_status,job_card_priority,branding_sla_active,current_km,target_km,last_cleaned_date,stabling_shunt_moves,target_hours,current_hours,brake_model,bogie_last_service_km,health_score,consecutive_service_days,total_service_days_month,total_maintenance_days_month,is_cert_expired,km_since_last_service,manual_force_maintenance,simulation_day,status
Rake-01,2026-10-20,CLOSED,NONE,False,200,50000,2025-09-12,0,0.0,0.0,ElectroBrake_v2,0,100.0,1,1,0,False,0,False,1,SERVICE
Rake-02,2025-10-12,CLOSED,NONE,False,200,50000,2025-09-10,1,0.0,0.0,HydroMech_v1,0,100.0,1,1,0,False,0,False,1,SERVICE
Rake-03,2026-01-15,CLOSED,NONE,False,0,50000,2025-09-12,2,0.0,0.0,ElectroBrake_v2,0,100.0,0,0,0,False,0,False,1,STANDBY
Rake-04,2025-11-05,CLOSED,NONE,True,200,50000,2025-09-11,1,60.0,16.0,ElectroBrake_v2,0,100.0,1,1,0,False,0,False,1,SERVICE
Rake-05,2025-09-14,CLOSED,NONE,True,200,50000,2025-09-12,0,80.0,16.0,HydroMech_v1,0,100.0,1,1,0,False,0,False,1,SERVICE
Rake-06,2026-03-18,CLOSED,NONE,False,0,50000,2025-09-05,2,0.0,0.0,ElectroBrake_v2,0,100.0,0,0,0,False,0,False,1,STANDBY
Rake-07,2025-10-13,CLOSED,NONE,False,200,50000,2025-09-12,1,0.0,0.0,HydroMech_v1,0,100.0,1,1,0,False,0,False,1,SERVICE
Rake-08,2026-05-22,CLOSED,NONE,False,200,50000,2025-09-13,0,0.0,0.0,ElectroBrake_v2,0,100.0,1,1,0,False,0,False,1,SERVICE
Rake-09,2026-07-30,CLOSED,NONE,False,0,50000,2025-09-11,2,0.0,0.0,HydroMech_v1,0,100.0,0,0,1,False,0,False,1,MAINTENANCE
Rake-10,2025-12-12,CLOSED,NONE,False,200,50000,2025-09-13,1,0.0,0.0,ElectroBrake_v2,0,100.0,1,1,0,False,0,False,1,SERVICE
Rake-11,2026-02-28,CLOSED,NONE,True,200,50000,2025-09-12,1,100.0,16.0,ElectroBrake_v2,0,100.0,1,1,0,False,0,False,1,SERVICE
Rake-12,2026-08-01,CLOSED,NONE,False,200,50000,2025-09-04,0,0.0,0.0,HydroMech_v1,0,100.0,1,1,0,False,0,False,1,SERVICE
Rake-13,2026-04-10,CLOSED,NONE,False,0,50000,2025-09-13,2,0.0,0.0,ElectroBrake_v2,0,100.0,0,0,0,False,0,False,1,STANDBY
Rake-14,2025-10-10,CLOSED,NONE,False,0,50000,2025-09-12,1,0.0,0.0,HydroMech_v1,0,100.0,0,0,1,False,0,False,1,MAINTENANCE
Rake-15,2026-06-19,CLOSED,NONE,False,200,50000,2025-09-10,0,0.0,0.0,ElectroBrake_v2,0,100.0,1,1,0,False,0,False,1,SERVICE
Rake-16,2027-01-01,CLOSED,NONE,False,0,50000,2025-09-13,2,0.0,0.0,ElectroBrake_v2,0,100.0,0,0,0,False,0,False,1,STANDBY
Rake-17,2026-09-05,CLOSED,NONE,True,200,50000,2025-09-11,1,40.0,16.0,HydroMech_v1,0,100.0,1,1,0,False,0,False,1,SERVICE
Rake-18,2026-11-20,CLOSED,NONE,False,200,50000,2025-09-13,0,0.0,0.0,ElectroBrake_v2,0,100.0,1,1,0,False,0,False,1,SERVICE
Rake-19,2026-10-10,CLOSED,NONE,False,200,50000,2025-09-06,1,0.0,0.0,HydroMech_v1,0,100.0,1,1,0,False,0,False,1,SERVICE
Rake-20,2025-10-13,CLOSED,NONE,False,0,50000,2025-09-12,2,0.0,0.0,ElectroBrake_v2,0,100.0,0,0,0,False,0,False,1,STANDBY
Rake-21,2026-12-01,CLOSED,NONE,False,200,50000,2025-09-13,1,0.0,0.0,ElectroBrake_v2,0,100.0,1,1,0,False,0,False,1,SERVICE
Rake-22,2026-04-15,CLOSED,NONE,False,200,50000,2025-09-12,0,0.0,0.0,HydroMech_v1,0,100.0,1,1,0,False,0,False,1,SERVICE
Rake-23,2026-07-20,CLOSED,NONE,True,200,50000,2025-09-11,2,120.0,16.0,ElectroBrake_v2,0,100.0,1,1,0,False,0,False,1,SERVICE
Rake-24,2026-08-25,CLOSED,NONE,False,200,50000,2025-09-10,1,0.0,0.0,HydroMech_v1,0,100.0,1,1,0,False,0,False,1,SERVICE
Rake-25,2026-01-30,CLOSED,NONE,False,200,50000,2025-09-13,0,0.0,0.0,ElectroBrake_v2,0,100.0,1,1,0,False,0,False,1,SERVICE
Rake-01,2026-10-20,CLOSED,NONE,False,400,50000,2025-09-12,0,0.0,0.0,ElectroBrake_v2,0,98.0,2,2,0,False,200,False,2,SERVICE
Rake-02,2025-10-12,CLOSED,NONE,False,200,50000,2025-09-10,1,0.0,0.0,HydroMech_v1,200,100.0,0,1,1,False,200,False,2,MAINTENANCE
Rake-03,2026-01-15,CLOSED,NONE,False,0,50000,2025-09-12,2,0.0,0.0,ElectroBrake_v2,0,100.0,0,0,1,False,0,False,2,MAINTENANCE
Rake-04,2025-11-05,CLOSED,NONE,True,400,50000,2025-09-11,1,60.0,32.0,ElectroBrake_v2,0,98.0,2,2,0,False,200,False,2,SERVICE
Rake-05,2025-09-14,CLOSED,NONE,True,400,50000,2025-09-12,0,80.0,32.0,HydroMech_v1,0,98.0,2,2,0,False,200,False,2,SERVICE
Rake-06,2026-03-18,CLOSED,NONE,False,0,50000,2025-09-05,2,0.0,0.0,ElectroBrake_v2,0,100.0,0,0,0,False,0,False,2,STANDBY
Rake-07,2025-10-13,CLOSED,NONE,False,400,50000,2025-09-12,1,0.0,0.0,HydroMech_v1,0,98.0,2,2,0,False,200,False,2,SERVICE
Rake-08,2026-05-22,CLOSED,NONE,False,400,50000,2025-09-13,0,0.0,0.0,ElectroBrake_v2,0,98.0,2,2,0,False,200,False,2,SERVICE
Rake-09,2026-07-30,CLOSED,NONE,False,0,50000,2025-09-11,2,0.0,0.0,HydroMech_v1,0,100.0,0,0,1,False,0,False,2,STANDBY
Rake-10,2025-12-12,CLOSED,NONE,False,400,50000,2025-09-13,1,0.0,0.0,ElectroBrake_v2,0,98.0,2,2,0,False,200,False,2,SERVICE
Rake-11,2026-02-28,CLOSED,NONE,True,400,50000,2025-09-12,1,100.0,32.0,ElectroBrake_v2,0,98.0,2,2,0,False,200,False,2,SERVICE
Rake-12,2026-08-01,CLOSED,NONE,False,400,50000,2025-09-04,0,0.0,0.0,HydroMech_v1,0,98.0,2,2,0,False,200,False,2,SERVICE
Rake-13,2026-04-10,CLOSED,NONE,False,0,50000,2025-09-13,2,0.0,0.0,ElectroBrake_v2,0,100.0,0,0,0,False,0,False,2,STANDBY
Rake-14,2025-10-10,CLOSED,NONE,False,200,50000,2025-09-12,1,0.0,0.0,HydroMech_v1,0,100.0,1,1,1,False,0,False,2,SERVICE
Rake-15,2026-06-19,CLOSED,NONE,False,400,50000,2025-09-10,0,0.0,0.0,ElectroBrake_v2,0,98.0,2,2,0,False,200,False,2,SERVICE
Rake-16,2027-01-01,CLOSED,NONE,False,0,50000,2025-09-13,2,0.0,0.0,ElectroBrake_v2,0,100.0,0,0,0,False,0,False,2,STANDBY
Rake-17,2026-09-05,CLOSED,NONE,True,400,50000,2025-09-11,1,40.0,32.0,HydroMech_v1,0,98.0,2,2,0,False,200,False,2,SERVICE
Rake-18,2026-11-20,CLOSED,NONE,False,400,50000,2025-09-13,0,0.0,0.0,ElectroBrake_v2,0,98.0,2,2,0,False,200,False,2,SERVICE
Rake-19,2026-10-10,CLOSED,NONE,False,400,50000,2025-09-06,1,0.0,0.0,HydroMech_v1,0,98.0,2,2,0,False,200,False,2,SERVICE
Rake-20,2025-10-13,CLOSED,NONE,False,0,50000,2025-09-12,2,0.0,0.0,ElectroBrake_v2,0,100.0,0,0,0,False,0,False,2,STANDBY
Rake-21,2026-12-01,CLOSED,NONE,False,400,50000,2025-09-13,1,0.0,0.0,ElectroBrake_v2,0,98.0,2,2,0,False,200,False,2,SERVICE
Rake-22,2026-04-15,CLOSED,NONE,False,400,50000,2025-09-12,0,0.0,0.0,HydroMech_v1,0,98.0,2,2,0,False,200,False,2,SERVICE
Rake-23,2026-07-20,CLOSED,NONE,True,400,50000,2025-09-11,2,120.0,32.0,ElectroBrake_v2,0,98.0,2,2,0,False,200,False,2,SERVICE
Rake-24,2026-08-25,CLOSED,NONE,False,400,50000,2025-09-10,1,0.0,0.0,HydroMech_v1,0,98.0,2,2,0,False,200,False,2,SERVICE
Rake-25,2026-01-30,CLOSED,NONE,False,400,50000,2025-09-13,0,0.0,0.0,ElectroBrake_v2,0,98.0,2,2,0,False,200,False,2,SERVICE
Rake-01,2026-10-20,CLOSED,NONE,False,400,50000,2025-09-12,0,0.0,0.0,ElectroBrake_v2,0,96.0,0,2,0,False,400,False,3,STANDBY
Rake-02,2025-10-12,CLOSED,NONE,False,400,50000,2025-09-10,1,0.0,0.0,HydroMech_v1,200,100.0,1,2,1,False,0,False,3,SERVICE
Rake-03,2026-01-15,CLOSED,NONE,False,200,50000,2025-09-12,2,0.0,0.0,ElectroBrake_v2,0,100.0,1,1,1,False,0,False,3,SERVICE
Rake-04,2025-11-05,CLOSED,NONE,True,600,50000,2025-09-11,1,60.0,48.0,ElectroBrake_v2,0,96.0,3,3,0,False,400,False,3,SERVICE
Rake-05,2025-09-14,CLOSED,NONE,True,600,50000,2025-09-12,0,80.0,48.0,HydroMech_v1,0,96.0,3,3,0,False,400,False,3,SERVICE
Rake-06,2026-03-18,CLOSED,NONE,False,200,50000,2025-09-05,2,0.0,0.0,ElectroBrake_v2,0,100.0,1,1,0,False,0,False,3,SERVICE
Rake-07,2025-10-13,CLOSED,NONE,False,400,50000,2025-09-12,1,0.0,0.0,HydroMech_v1,0,96.0,0,2,0,False,400,False,3,STANDBY
Rake-08,2026-05-22,CLOSED,NONE,False,600,50000,2025-09-13,0,0.0,0.0,ElectroBrake_v2,0,96.0,3,3,0,False,400,False,3,SERVICE
Rake-09,2026-07-30,CLOSED,NONE,False,200,50000,2025-09-11,2,0.0,0.0,HydroMech_v1,0,100.0,1,1,1,False,0,False,3,SERVICE
Rake-10,2025-12-12,CLOSED,NONE,False,400,50000,2025-09-13,1,0.0,0.0,ElectroBrake_v2,0,96.0,0,2,0,False,400,False,3,STANDBY
Rake-11,2026-02-28,CLOSED,NONE,True,600,50000,2025-09-12,1,100.0,48.0,ElectroBrake_v2,0,96.0,3,3,0,False,400,False,3,SERVICE
Rake-12,2026-08-01,CLOSED,NONE,False,600,50000,2025-09-04,0,0.0,0.0,HydroMech_v1,0,96.0,3,3,0,False,400,False,3,SERVICE
Rake-13,2026-04-10,CLOSED,NONE,False,200,50000,2025-09-13,2,0.0,0.0,ElectroBrake_v2,0,100.0,1,1,0,False,0,False,3,SERVICE
Rake-14,2025-10-10,CLOSED,NONE,False,400,50000,2025-09-12,1,0.0,0.0,HydroMech_v1,0,98.0,2,2,1,False,200,False,3,SERVICE
Rake-15,2026-06-19,CLOSED,NONE,False,600,50000,2025-09-10,0,0.0,0.0,ElectroBrake_v2,0,96.0,3,3,0,False,400,False,3,SERVICE
Rake-16,2027-01-01,CLOSED,NONE,False,200,50000,2025-09-13,2,0.0,0.0,ElectroBrake_v2,0,100.0,1,1,0,False,0,False,3,SERVICE
Rake-17,2026-09-05,CLOSED,NONE,True,600,50000,2025-09-11,1,40.0,48.0,HydroMech_v1,0,96.0,3,3,0,False,400,False,3,SERVICE
Rake-18,2026-11-20,CLOSED,NONE,False,600,50000,2025-09-13,0,0.0,0.0,ElectroBrake_v2,0,96.0,3,3,0,False,400,False,3,SERVICE
Rake-19,2026-10-10,CLOSED,NONE,False,400,50000,2025-09-06,1,0.0,0.0,HydroMech_v1,400,100.0,0,2,1,False,400,False,3,MAINTENANCE
Rake-20,2025-10-13,CLOSED,NONE,False,200,50000,2025-09-12,2,0.0,0.0,ElectroBrake_v2,0,100.0,1,1,0,False,0,False,3,SERVICE
Rake-21,2026-12-01,CLOSED,NONE,False,400,50000,2025-09-13,1,0.0,0.0,ElectroBrake_v2,0,96.0,0,2,0,False,400,False,3,STANDBY
Rake-22,2026-04-15,CLOSED,NONE,False,600,50000,2025-09-12,0,0.0,0.0,HydroMech_v1,0,96.0,3,3,0,False,400,False,3,SERVICE
Rake-23,2026-07-20,CLOSED,NONE,True,600,50000,2025-09-11,2,120.0,48.0,ElectroBrake_v2,0,96.0,3,3,0,False,400,False,3,SERVICE
Rake-24,2026-08-25,CLOSED,NONE,False,400,50000,2025-09-10,1,0.0,0.0,HydroMech_v1,0,96.0,0,2,0,False,400,False,3,STANDBY
Rake-25,2026-01-30,CLOSED,NONE,False,400,50000,2025-09-13,0,0.0,0.0,ElectroBrake_v2,400,100.0,0,2,1,False,400,False,3,MAINTENANCE
Rake-01,2026-10-20,CLOSED,NONE,False,600,50000,2025-09-12,0,0.0,0.0,ElectroBrake_v2,0,98.0,1,3,0,False,400,False,4,SERVICE
Rake-02,2025-10-12,CLOSED,NONE,False,600,50000,2025-09-10,1,0.0,0.0,HydroMech_v1,200,98.0,2,3,1,False,200,False,4,SERVICE
Rake-03,2026-01-15,CLOSED,NONE,False,400,50000,2025-09-12,2,0.0,0.0,ElectroBrake_v2,0,98.0,2,2,1,False,200,False,4,SERVICE
Rake-04,2025-11-05,CLOSED,NONE,True,600,50000,2025-09-11,1,60.0,48.0,ElectroBrake_v2,600,100.0,0,3,1,False,600,False,4,MAINTENANCE
Rake-05,2025-09-14,CLOSED,NONE,True,800,50000,2025-09-12,0,80.0,64.0,HydroMech_v1,0,94.0,4,4,0,False,600,False,4,SERVICE
Rake-06,2026-03-18,CLOSED,NONE,False,400,50000,2025-09-05,2,0.0,0.0,ElectroBrake_v2,0,98.0,2,2,0,False,200,False,4,SERVICE
Rake-07,2025-10-13,CLOSED,NONE,False,600,50000,2025-09-12,1,0.0,0.0,HydroMech_v1,0,98.0,1,3,0,False,400,False,4,SERVICE
Rake-08,2026-05-22,CLOSED,NONE,False,600,50000,2025-09-13,0,0.0,0.0,ElectroBrake_v2,600,100.0,0,3,1,False,600,False,4,MAINTENANCE
Rake-09,2026-07-30,CLOSED,NONE,False,400,50000,2025-09-11,2,0.0,0.0,HydroMech_v1,0,98.0,2,2,1,False,200,False,4,SERVICE
Rake-10,2025-12-12,CLOSED,NONE,False,600,50000,2025-09-13,1,0.0,0.0,ElectroBrake_v2,0,98.0,1,3,0,False,400,False,4,SERVICE
Rake-11,2026-02-28,CLOSED,NONE,True,800,50000,2025-09-12,1,100.0,64.0,ElectroBrake_v2,0,94.0,4,4,0,False,600,False,4,SERVICE
Rake-12,2026-08-01,CLOSED,NONE,False,600,50000,2025-09-04,0,0.0,0.0,HydroMech_v1,0,94.0,0,3,0,False,600,False,4,STANDBY
Rake-13,2026-04-10,CLOSED,NONE,False,400,50000,2025-09-13,2,0.0,0.0,ElectroBrake_v2,0,98.0,2,2,0,False,200,False,4,SERVICE
Rake-14,2025-10-10,CLOSED,NONE,False,600,50000,2025-09-12,1,0.0,0.0,HydroMech_v1,0,96.0,3,3,1,False,400,False,4,SERVICE
Rake-15,2026-06-19,CLOSED,NONE,False,600,50000,2025-09-10,0,0.0,0.0,ElectroBrake_v2,0,94.0,0,3,0,False,600,False,4,STANDBY
Rake-16,2027-01-01,CLOSED,NONE,False,400,50000,2025-09-13,2,0.0,0.0,ElectroBrake_v2,0,98.0,2,2,0,False,200,False,4,SERVICE
Rake-17,2026-09-05,CLOSED,NONE,True,600,50000,2025-09-11,1,40.0,48.0,HydroMech_v1,0,94.0,0,3,0,False,600,False,4,STANDBY
Rake-18,2026-11-20,CLOSED,NONE,False,600,50000,2025-09-13,0,0.0,0.0,ElectroBrake_v2,0,94.0,0,3,0,False,600,False,4,STANDBY
Rake-19,2026-10-10,CLOSED,NONE,False,600,50000,2025-09-06,1,0.0,0.0,HydroMech_v1,400,100.0,1,3,1,False,0,False,4,SERVICE
Rake-20,2025-10-13,CLOSED,NONE,False,400,50000,2025-09-12,2,0.0,0.0,ElectroBrake_v2,0,98.0,2,2,0,False,200,False,4,SERVICE
Rake-21,2026-12-01,CLOSED,NONE,False,600,50000,2025-09-13,1,0.0,0.0,ElectroBrake_v2,0,98.0,1,3,0,False,400,False,4,SERVICE
Rake-22,2026-04-15,CLOSED,NONE,False,600,50000,2025-09-12,0,0.0,0.0,HydroMech_v1,0,94.0,0,3,0,False,600,False,4,STANDBY
Rake-23,2026-07-20,CLOSED,NONE,True,800,50000,2025-09-11,2,120.0,64.0,ElectroBrake_v2,0,94.0,4,4,0,False,600,False,4,SERVICE
Rake-24,2026-08-25,CLOSED,NONE,False,600,50000,2025-09-10,1,0.0,0.0,HydroMech_v1,0,98.0,1,3,0,False,400,False,4,SERVICE
Rake-25,2026-01-30,CLOSED,NONE,False,600,50000,2025-09-13,0,0.0,0.0,ElectroBrake_v2,400,100.0,1,3,1,False,0,False,4,SERVICE
Rake-01,2026-10-20,CLOSED,NONE,False,800,50000,2025-09-12,0,0.0,0.0,ElectroBrake_v2,0,96.0,2,4,0,False,600,False,5,SERVICE
Rake-02,2025-10-12,CLOSED,NONE,False,800,50000,2025-09-10,1,0.0,0.0,HydroMech_v1,200,96.0,3,4,1,False,400,False,5,SERVICE
Rake-03,2026-01-15,CLOSED,NONE,False,400,50000,2025-09-12,2,0.0,0.0,ElectroBrake_v2,0,96.0,0,2,1,False,400,False,5,STANDBY
Rake-04,2025-11-05,CLOSED,NONE,True,800,50000,2025-09-11,1,60.0,64.0,ElectroBrake_v2,600,100.0,1,4,1,False,0,False,5,SERVICE
Rake-05,2025-09-14,CLOSED,NONE,True,800,50000,2025-09-12,0,80.0,64.0,HydroMech_v1,800,100.0,0,4,1,False,800,False,5,MAINTENANCE
Rake-06,2026-03-18,CLOSED,NONE,False,600,50000,2025-09-05,2,0.0,0.0,ElectroBrake_v2,0,96.0,3,3,0,False,400,False,5,SERVICE
Rake-07,2025-10-13,CLOSED,NONE,False,800,50000,2025-09-12,1,0.0,0.0,HydroMech_v1,0,96.0,2,4,0,False,600,False,5,SERVICE
Rake-08,2026-05-22,CLOSED,NONE,False,800,50000,2025-09-13,0,0.0,0.0,ElectroBrake_v2,600,100.0,1,4,1,False,0,False,5,SERVICE
Rake-09,2026-07-30,CLOSED,NONE,False,400,50000,2025-09-11,2,0.0,0.0,HydroMech_v1,0,96.0,0,2,1,False,400,False,5,STANDBY
Rake-10,2025-12-12,CLOSED,NONE,False,800,50000,2025-09-13,1,0.0,0.0,ElectroBrake_v2,0,96.0,2,4,0,False,600,False,5,SERVICE
Rake-11,2026-02-28,CLOSED,NONE,True,800,50000,2025-09-12,1,100.0,64.0,ElectroBrake_v2,800,100.0,0,4,1,False,800,False,5,MAINTENANCE
Rake-12,2026-08-01,CLOSED,NONE,False,800,50000,2025-09-04,0,0.0,0.0,HydroMech_v1,0,57.0,1,4,0,False,600,False,5,SERVICE
Rake-13,2026-04-10,CLOSED,NONE,False,600,50000,2025-09-13,2,0.0,0.0,ElectroBrake_v2,0,96.0,3,3,0,False,400,False,5,SERVICE
Rake-14,2025-10-10,CLOSED,NONE,False,600,50000,2025-09-12,1,0.0,0.0,HydroMech_v1,0,94.0,0,3,1,False,600,False,5,STANDBY
Rake-15,2026-06-19,CLOSED,NONE,False,800,50000,2025-09-10,0,0.0,0.0,ElectroBrake_v2,0,97.0,1,4,0,False,600,False,5,SERVICE
Rake-16,2027-01-01,CLOSED,NONE,False,400,50000,2025-09-13,2,0.0,0.0,ElectroBrake_v2,0,96.0,0,2,0,False,400,False,5,STANDBY
Rake-17,2026-09-05,CLOSED,NONE,True,800,50000,2025-09-11,1,40.0,64.0,HydroMech_v1,0,97.0,1,4,0,False,600,False,5,SERVICE
Rake-18,2026-11-20,CLOSED,NONE,False,800,50000,2025-09-13,0,0.0,0.0,ElectroBrake_v2,0,97.0,1,4,0,False,600,False,5,SERVICE
Rake-19,2026-10-10,CLOSED,NONE,False,800,50000,2025-09-06,1,0.0,0.0,HydroMech_v1,400,98.0,2,4,1,False,200,False,5,SERVICE
Rake-20,2025-10-13,CLOSED,NONE,False,400,50000,2025-09-12,2,0.0,0.0,ElectroBrake_v2,0,96.0,0,2,0,False,400,False,5,STANDBY
Rake-21,2026-12-01,CLOSED,NONE,False,800,50000,2025-09-13,1,0.0,0.0,ElectroBrake_v2,0,96.0,2,4,0,False,600,False,5,SERVICE
Rake-22,2026-04-15,CLOSED,NONE,False,800,50000,2025-09-12,0,0.0,0.0,HydroMech_v1,0,97.0,1,4,0,False,600,False,5,SERVICE
Rake-23,2026-07-20,CLOSED,NONE,True,1000,50000,2025-09-11,2,120.0,80.0,ElectroBrake_v2,0,92.0,5,5,0,False,800,False,5,SERVICE
Rake-24,2026-08-25,CLOSED,NONE,False,800,50000,2025-09-10,1,0.0,0.0,HydroMech_v1,0,96.0,2,4,0,False,600,False,5,SERVICE
Rake-25,2026-01-30,CLOSED,NONE,False,800,50000,2025-09-13,0,0.0,0.0,ElectroBrake_v2,400,98.0,2,4,1,False,200,False,5,SERVICE
Rake-01,2026-10-20,CLOSED,NONE,False,1000,50000,2025-09-12,0,0.0,0.0,ElectroBrake_v2,0,94.0,3,5,0,False,800,False,6,SERVICE
Rake-02,2025-10-12,CLOSED,NONE,False,800,50000,2025-09-10,1,0.0,0.0,HydroMech_v1,800,100.0,0,4,2,False,600,False,6,MAINTENANCE
Rake-03,2026-01-15,CLOSED,NONE,False,600,50000,2025-09-12,2,0.0,0.0,ElectroBrake_v2,0,98.0,1,3,1,False,400,False,6,SERVICE
Rake-04,2025-11-05,CLOSED,NONE,True,1000,50000,2025-09-11,1,60.0,80.0,ElectroBrake_v2,600,98.0,2,5,1,False,200,False,6,SERVICE
Rake-05,2025-09-14,CLOSED,NONE,True,1000,50000,2025-09-12,0,80.0,80.0,HydroMech_v1,800,100.0,1,5,1,False,0,False,6,SERVICE
Rake-06,2026-03-18,CLOSED,NONE,False,600,50000,2025-09-05,2,0.0,0.0,ElectroBrake_v2,0,94.0,0,3,0,False,600,False,6,STANDBY
Rake-07,2025-10-13,CLOSED,NONE,False,800,50000,2025-09-12,1,0.0,0.0,HydroMech_v1,0,94.0,0,4,0,False,800,False,6,STANDBY
Rake-08,2026-05-22,CLOSED,NONE,False,1000,50000,2025-09-13,0,0.0,0.0,ElectroBrake_v2,600,98.0,2,5,1,False,200,False,6,SERVICE
Rake-09,2026-07-30,CLOSED,NONE,False,600,50000,2025-09-11,2,0.0,0.0,HydroMech_v1,0,98.0,1,3,1,False,400,False,6,SERVICE
Rake-10,2025-12-12,CLOSED,NONE,False,1000,50000,2025-09-13,1,0.0,0.0,ElectroBrake_v2,0,94.0,3,5,0,False,800,False,6,SERVICE
Rake-11,2026-02-28,CLOSED,NONE,True,1000,50000,2025-09-12,1,100.0,80.0,ElectroBrake_v2,800,100.0,1,5,1,False,0,False,6,SERVICE
Rake-12,2026-08-01,CLOSED,NONE,False,1000,50000,2025-09-04,0,0.0,0.0,HydroMech_v1,0,95.0,2,5,0,False,800,False,6,SERVICE
Rake-13,2026-04-10,CLOSED,NONE,False,600,50000,2025-09-13,2,0.0,0.0,ElectroBrake_v2,0,94.0,0,3,0,False,600,False,6,STANDBY
Rake-14,2025-10-10,CLOSED,NONE,False,800,50000,2025-09-12,1,0.0,0.0,HydroMech_v1,0,97.0,1,4,1,False,600,False,6,SERVICE
Rake-15,2026-06-19,CLOSED,NONE,False,1000,50000,2025-09-10,0,0.0,0.0,ElectroBrake_v2,0,95.0,2,5,0,False,800,False,6,SERVICE
Rake-16,2027-01-01,CLOSED,NONE,False,600,50000,2025-09-13,2,0.0,0.0,ElectroBrake_v2,0,98.0,1,3,0,False,400,False,6,SERVICE
Rake-17,2026-09-05,CLOSED,NONE,True,1000,50000,2025-09-11,1,40.0,80.0,HydroMech_v1,0,95.0,2,5,0,False,800,False,6,SERVICE
Rake-18,2026-11-20,CLOSED,NONE,False,1000,50000,2025-09-13,0,0.0,0.0,ElectroBrake_v2,0,95.0,2,5,0,False,800,False,6,SERVICE
Rake-19,2026-10-10,CLOSED,NONE,False,800,50000,2025-09-06,1,0.0,0.0,HydroMech_v1,400,96.0,0,4,1,False,400,False,6,STANDBY
Rake-20,2025-10-13,CLOSED,NONE,False,600,50000,2025-09-12,2,0.0,0.0,ElectroBrake_v2,0,98.0,1,3,0,False,400,False,6,SERVICE
Rake-21,2026-12-01,CLOSED,NONE,False,1000,50000,2025-09-13,1,0.0,0.0,ElectroBrake_v2,0,94.0,3,5,0,False,800,False,6,SERVICE
Rake-22,2026-04-15,CLOSED,NONE,False,1000,50000,2025-09-12,0,0.0,0.0,HydroMech_v1,0,95.0,2,5,0,False,800,False,6,SERVICE
Rake-23,2026-07-20,CLOSED,NONE,True,1000,50000,2025-09-11,2,120.0,80.0,ElectroBrake_v2,1000,100.0,0,5,1,False,1000,False,6,MAINTENANCE
Rake-24,2026-08-25,CLOSED,NONE,False,800,50000,2025-09-10,1,0.0,0.0,HydroMech_v1,0,94.0,0,4,0,False,800,False,6,STANDBY
Rake-25,2026-01-30,CLOSED,NONE,False,1000,50000,2025-09-13,0,0.0,0.0,ElectroBrake_v2,400,96.0,3,5,1,False,400,False,6,SERVICE
Rake-01,2026-10-20,CLOSED,NONE,False,1000,50000,2025-09-12,0,0.0,0.0,ElectroBrake_v2,0,92.0,0,5,0,False,1000,False,7,STANDBY
Rake-02,2025-10-12,CLOSED,NONE,False,1000,50000,2025-09-10,1,0.0,0.0,HydroMech_v1,800,100.0,1,5,2,False,0,False,7,SERVICE
Rake-03,2026-01-15,CLOSED,NONE,False,800,50000,2025-09-12,2,0.0,0.0,ElectroBrake_v2,0,96.0,2,4,1,False,600,False,7,SERVICE
Rake-04,2025-11-05,CLOSED,NONE,True,1200,50000,2025-09-11,1,60.0,96.0,ElectroBrake_v2,600,96.0,3,6,1,False,400,False,7,SERVICE
Rake-05,2025-09-14,CLOSED,NONE,True,1200,50000,2025-09-12,0,80.0,96.0,HydroMech_v1,800,98.0,2,6,1,False,200,False,7,SERVICE
Rake-06,2026-03-18,CLOSED,NONE,False,800,50000,2025-09-05,2,0.0,0.0,ElectroBrake_v2,0,97.0,1,4,0,False,600,False,7,SERVICE
Rake-07,2025-10-13,CLOSED,NONE,False,1000,50000,2025-09-12,1,0.0,0.0,HydroMech_v1,0,96.0,1,5,0,False,800,False,7,SERVICE
Rake-08,2026-05-22,CLOSED,NONE,False,1200,50000,2025-09-13,0,0.0,0.0,ElectroBrake_v2,600,96.0,3,6,1,False,400,False,7,SERVICE
Rake-09,2026-07-30,CLOSED,NONE,False,800,50000,2025-09-11,2,0.0,0.0,HydroMech_v1,0,96.0,2,4,1,False,600,False,7,SERVICE
Rake-10,2025-12-12,CLOSED,NONE,False,1000,50000,2025-09-13,1,0.0,0.0,ElectroBrake_v2,0,92.0,0,5,0,False,1000,False,7,STANDBY
Rake-11,2026-02-28,CLOSED,NONE,True,1200,50000,2025-09-12,1,100.0,96.0,ElectroBrake_v2,800,98.0,2,6,1,False,200,False,7,SERVICE
Rake-12,2026-08-01,CLOSED,NONE,False,1200,50000,2025-09-04,0,0.0,0.0,HydroMech_v1,0,93.0,3,6,0,False,1000,False,7,SERVICE
Rake-13,2026-04-10,CLOSED,NONE,False,800,50000,2025-09-13,2,0.0,0.0,ElectroBrake_v2,0,97.0,1,4,0,False,600,False,7,SERVICE
Rake-14,2025-10-10,CLOSED,NONE,False,1000,50000,2025-09-12,1,0.0,0.0,HydroMech_v1,0,95.0,2,5,1,False,800,False,7,SERVICE
Rake-15,2026-06-19,CLOSED,NONE,False,1200,50000,2025-09-10,0,0.0,0.0,ElectroBrake_v2,0,93.0,3,6,0,False,1000,False,7,SERVICE
Rake-16,2027-01-01,CLOSED,NONE,False,800,50000,2025-09-13,2,0.0,0.0,ElectroBrake_v2,0,96.0,2,4,0,False,600,False,7,SERVICE
Rake-17,2026-09-05,CLOSED,NONE,True,1000,50000,2025-09-11,1,40.0,80.0,HydroMech_v1,0,93.0,0,5,0,False,1000,False,7,STANDBY
Rake-18,2026-11-20,CLOSED,NONE,False,1200,50000,2025-09-13,0,0.0,0.0,ElectroBrake_v2,0,93.0,3,6,0,False,1000,False,7,SERVICE
Rake-19,2026-10-10,CLOSED,NONE,False,1000,50000,2025-09-06,1,0.0,0.0,HydroMech_v1,400,98.0,1,5,1,False,400,False,7,SERVICE
Rake-20,2025-10-13,CLOSED,NONE,False,800,50000,2025-09-12,2,0.0,0.0,ElectroBrake_v2,0,96.0,2,4,0,False,600,False,7,SERVICE
Rake-21,2026-12-01,CLOSED,NONE,False,1000,50000,2025-09-13,1,0.0,0.0,ElectroBrake_v2,1000,100.0,0,5,1,False,1000,False,7,MAINTENANCE
Rake-22,2026-04-15,CLOSED,NONE,False,1200,50000,2025-09-12,0,0.0,0.0,HydroMech_v1,0,93.0,3,6,0,False,1000,False,7,SERVICE
Rake-23,2026-07-20,CLOSED,NONE,True,1200,50000,2025-09-11,2,120.0,96.0,ElectroBrake_v2,1000,100.0,1,6,1,False,0,False,7,SERVICE
Rake-24,2026-08-25,CLOSED,NONE,False,1000,50000,2025-09-10,1,0.0,0.0,HydroMech_v1,0,96.0,1,5,0,False,800,False,7,SERVICE
Rake-25,2026-01-30,CLOSED,NONE,False,1000,50000,2025-09-13,0,0.0,0.0,ElectroBrake_v2,400,94.0,0,5,1,False,600,False,7,STANDBY
Rake-01,2026-10-20,CLOSED,NONE,False,1200,50000,2025-09-12,0,0.0,0.0,ElectroBrake_v2,0,95.0,1,6,0,False,1000,False,8,SERVICE
Rake-02,2025-10-12,CLOSED,NONE,False,1200,50000,2025-09-10,1,0.0,0.0,HydroMech_v1,800,98.0,2,6,2,False,200,False,8,SERVICE
Rake-03,2026-01-15,CLOSED,NONE,False,1000,50000,2025-09-12,2,0.0,0.0,ElectroBrake_v2,0,94.0,3,5,1,False,800,False,8,SERVICE
Rake-04,2025-11-05,CLOSED,NONE,True,1200,50000,2025-09-11,1,60.0,96.0,ElectroBrake_v2,600,94.0,0,6,1,False,600,False,8,STANDBY
Rake-05,2025-09-14,CLOSED,NONE,True,1400,50000,2025-09-12,0,80.0,112.0,HydroMech_v1,800,96.0,3,7,1,False,400,False,8,SERVICE
Rake-06,2026-03-18,CLOSED,NONE,False,1000,50000,2025-09-05,2,0.0,0.0,ElectroBrake_v2,0,95.0,2,5,0,False,800,False,8,SERVICE
Rake-07,2025-10-13,CLOSED,NONE,False,1200,50000,2025-09-12,1,0.0,0.0,HydroMech_v1,0,94.0,2,6,0,False,1000,False,8,SERVICE
Rake-08,2026-05-22,CLOSED,NONE,False,1200,50000,2025-09-13,0,0.0,0.0,ElectroBrake_v2,600,94.0,0,6,1,False,600,False,8,STANDBY
Rake-09,2026-07-30,CLOSED,NONE,False,1000,50000,2025-09-11,2,0.0,0.0,HydroMech_v1,0,94.0,3,5,1,False,800,False,8,SERVICE
Rake-10,2025-12-12,CLOSED,NONE,False,1200,50000,2025-09-13,1,0.0,0.0,ElectroBrake_v2,0,95.0,1,6,0,False,1000,False,8,SERVICE
Rake-11,2026-02-28,CLOSED,NONE,True,1400,50000,2025-09-12,1,100.0,112.0,ElectroBrake_v2,800,96.0,3,7,1,False,400,False,8,SERVICE
Rake-12,2026-08-01,CLOSED,NONE,False,1200,50000,2025-09-04,0,0.0,0.0,HydroMech_v1,0,91.0,0,6,0,False,1200,False,8,STANDBY
Rake-13,2026-04-10,CLOSED,NONE,False,1000,50000,2025-09-13,2,0.0,0.0,ElectroBrake_v2,0,95.0,2,5,0,False,800,False,8,SERVICE
Rake-14,2025-10-10,CLOSED,NONE,False,1200,50000,2025-09-12,1,0.0,0.0,HydroMech_v1,0,93.0,3,6,1,False,1000,False,8,SERVICE
Rake-15,2026-06-19,CLOSED,NONE,False,1400,50000,2025-09-10,0,0.0,0.0,ElectroBrake_v2,0,91.0,4,7,0,False,1200,False,8,SERVICE
Rake-16,2027-01-01,CLOSED,NONE,False,1000,50000,2025-09-13,2,0.0,0.0,ElectroBrake_v2,0,94.0,3,5,0,False,800,False,8,SERVICE
Rake-17,2026-09-05,CLOSED,NONE,True,1200,50000,2025-09-11,1,40.0,96.0,HydroMech_v1,0,95.0,1,6,0,False,1000,False,8,SERVICE
Rake-18,2026-11-20,CLOSED,NONE,False,1200,50000,2025-09-13,0,0.0,0.0,ElectroBrake_v2,0,91.0,0,6,0,False,1200,False,8,STANDBY
Rake-19,2026-10-10,CLOSED,NONE,False,1200,50000,2025-09-06,1,0.0,0.0,HydroMech_v1,400,96.0,2,6,1,False,600,False,8,SERVICE
Rake-20,2025-10-13,CLOSED,NONE,False,1000,50000,2025-09-12,2,0.0,0.0,ElectroBrake_v2,0,94.0,3,5,0,False,800,False,8,SERVICE
Rake-21,2026-12-01,CLOSED,NONE,False,1200,50000,2025-09-13,1,0.0,0.0,ElectroBrake_v2,1000,100.0,1,6,1,False,0,False,8,SERVICE
Rake-22,2026-04-15,CLOSED,NONE,False,1200,50000,2025-09-12,0,0.0,0.0,HydroMech_v1,1200,100.0,0,6,1,False,1200,False,8,MAINTENANCE
Rake-23,2026-07-20,CLOSED,NONE,True,1400,50000,2025-09-11,2,120.0,112.0,ElectroBrake_v2,1000,98.0,2,7,1,False,200,False,8,SERVICE
Rake-24,2026-08-25,CLOSED,NONE,False,1200,50000,2025-09-10,1,0.0,0.0,HydroMech_v1,0,94.0,2,6,0,False,1000,False,8,SERVICE
Rake-25,2026-01-30,CLOSED,NONE,False,1200,50000,2025-09-13,0,0.0,0.0,ElectroBrake_v2,400,97.0,1,6,1,False,600,False,8,SERVICE
Rake-01,2026-10-20,CLOSED,NONE,False,1400,50000,2025-09-12,0,0.0,0.0,ElectroBrake_v2,0,93.0,2,7,0,False,1200,False,9,SERVICE
Rake-02,2025-10-12,CLOSED,NONE,False,1400,50000,2025-09-10,1,0.0,0.0,HydroMech_v1,800,96.0,3,7,2,False,400,False,9,SERVICE
Rake-03,2026-01-15,CLOSED,NONE,False,1000,50000,2025-09-12,2,0.0,0.0,ElectroBrake_v2,0,92.0,0,5,1,False,1000,False,9,STANDBY
Rake-04,2025-11-05,CLOSED,NONE,True,1400,50000,2025-09-11,1,60.0,112.0,ElectroBrake_v2,600,97.0,1,7,1,False,600,False,9,SERVICE
Rake-05,2025-09-14,CLOSED,NONE,True,1600,50000,2025-09-12,0,80.0,128.0,HydroMech_v1,800,94.0,4,8,1,False,600,False,9,SERVICE
Rake-06,2026-03-18,CLOSED,NONE,False,1200,50000,2025-09-05,2,0.0,0.0,ElectroBrake_v2,0,93.0,3,6,0,False,1000,False,9,SERVICE
Rake-07,2025-10-13,CLOSED,NONE,False,1400,50000,2025-09-12,1,0.0,0.0,HydroMech_v1,0,92.0,3,7,0,False,1200,False,9,SERVICE
Rake-08,2026-05-22,CLOSED,NONE,False,1400,50000,2025-09-13,0,0.0,0.0,ElectroBrake_v2,600,97.0,1,7,1,False,600,False,9,SERVICE
Rake-09,2026-07-30,CLOSED,NONE,False,1000,50000,2025-09-11,2,0.0,0.0,HydroMech_v1,0,92.0,0,5,1,False,1000,False,9,STANDBY
Rake-10,2025-12-12,CLOSED,NONE,False,1400,50000,2025-09-13,1,0.0,0.0,ElectroBrake_v2,0,93.0,2,7,0,False,1200,False,9,SERVICE
Rake-11,2026-02-28,CLOSED,NONE,True,1400,50000,2025-09-12,1,100.0,112.0,ElectroBrake_v2,800,94.0,0,7,1,False,600,False,9,STANDBY
Rake-12,2026-08-01,CLOSED,NONE,False,1400,50000,2025-09-04,0,0.0,0.0,HydroMech_v1,0,94.0,1,7,0,False,1200,False,9,SERVICE
Rake-13,2026-04-10,CLOSED,NONE,False,1200,50000,2025-09-13,2,0.0,0.0,ElectroBrake_v2,0,93.0,3,6,0,False,1000,False,9,SERVICE
Rake-14,2025-10-10,CLOSED,NONE,False,1200,50000,2025-09-12,1,0.0,0.0,HydroMech_v1,1200,100.0,0,6,2,False,1200,False,9,MAINTENANCE
Rake-15,2026-06-19,CLOSED,NONE,False,1400,50000,2025-09-10,0,0.0,0.0,ElectroBrake_v2,1400,100.0,0,7,1,False,1400,False,9,MAINTENANCE
Rake-16,2027-01-01,CLOSED,NONE,False,1000,50000,2025-09-13,2,0.0,0.0,ElectroBrake_v2,0,92.0,0,5,0,False,1000,False,9,STANDBY
Rake-17,2026-09-05,CLOSED,NONE,True,1400,50000,2025-09-11,1,40.0,112.0,HydroMech_v1,0,93.0,2,7,0,False,1200,False,9,SERVICE
Rake-18,2026-11-20,CLOSED,NONE,False,1400,50000,2025-09-13,0,0.0,0.0,ElectroBrake_v2,0,94.0,1,7,0,False,1200,False,9,SERVICE
Rake-19,2026-10-10,CLOSED,NONE,False,1400,50000,2025-09-06,1,0.0,0.0,HydroMech_v1,400,94.0,3,7,1,False,800,False,9,SERVICE
Rake-20,2025-10-13,CLOSED,NONE,False,1000,50000,2025-09-12,2,0.0,0.0,ElectroBrake_v2,0,92.0,0,5,0,False,1000,False,9,STANDBY
Rake-21,2026-12-01,CLOSED,NONE,False,1400,50000,2025-09-13,1,0.0,0.0,ElectroBrake_v2,1000,98.0,2,7,1,False,200,False,9,SERVICE
Rake-22,2026-04-15,CLOSED,NONE,False,1400,50000,2025-09-12,0,0.0,0.0,HydroMech_v1,1200,100.0,1,7,1,False,0,False,9,SERVICE
Rake-23,2026-07-20,CLOSED,NONE,True,1600,50000,2025-09-11,2,120.0,128.0,ElectroBrake_v2,1000,96.0,3,8,1,False,400,False,9,SERVICE
Rake-24,2026-08-25,CLOSED,NONE,False,1400,50000,2025-09-10,1,0.0,0.0,HydroMech_v1,0,92.0,3,7,0,False,1200,False,9,SERVICE
Rake-25,2026-01-30,CLOSED,NONE,False,1400,50000,2025-09-13,0,0.0,0.0,ElectroBrake_v2,400,95.0,2,7,1,False,800,False,9,SERVICE
Rake-01,2026-10-20,CLOSED,NONE,False,1600,50000,2025-09-12,0,0.0,0.0,ElectroBrake_v2,0,91.0,3,8,0,False,1400,False,10,SERVICE
Rake-02,2025-10-12,CLOSED,NONE,False,1600,50000,2025-09-10,1,0.0,0.0,HydroMech_v1,800,94.0,4,8,2,False,600,False,10,SERVICE
Rake-03,2026-01-15,CLOSED,NONE,False,1200,50000,2025-09-12,2,0.0,0.0,ElectroBrake_v2,0,95.0,1,6,1,False,1000,False,10,SERVICE
Rake-04,2025-11-05,CLOSED,NONE,True,1600,50000,2025-09-11,1,60.0,128.0,ElectroBrake_v2,600,95.0,2,8,1,False,800,False,10,SERVICE
Rake-05,2025-09-14,CLOSED,NONE,True,1600,50000,2025-09-12,0,80.0,128.0,HydroMech_v1,800,92.0,0,8,1,False,800,False,10,STANDBY
Rake-06,2026-03-18,CLOSED,NONE,False,1200,50000,2025-09-05,2,0.0,0.0,ElectroBrake_v2,0,91.0,0,6,0,False,1200,False,10,STANDBY
Rake-07,2025-10-13,CLOSED,NONE,False,1400,50000,2025-09-12,1,0.0,0.0,HydroMech_v1,1400,100.0,0,7,1,False,1400,False,10,MAINTENANCE
Rake-08,2026-05-22,CLOSED,NONE,False,1600,50000,2025-09-13,0,0.0,0.0,ElectroBrake_v2,600,95.0,2,8,1,False,800,False,10,SERVICE
Rake-09,2026-07-30,CLOSED,NONE,False,1200,50000,2025-09-11,2,0.0,0.0,HydroMech_v1,0,95.0,1,6,1,False,1000,False,10,SERVICE
Rake-10,2025-12-12,CLOSED,NONE,False,1600,50000,2025-09-13,1,0.0,0.0,ElectroBrake_v2,0,91.0,3,8,0,False,1400,False,10,SERVICE
Rake-11,2026-02-28,CLOSED,NONE,True,1600,50000,2025-09-12,1,100.0,128.0,ElectroBrake_v2,800,97.0,1,8,1,False,600,False,10,SERVICE
Rake-12,2026-08-01,CLOSED,NONE,False,1600,50000,2025-09-04,0,0.0,0.0,HydroMech_v1,0,92.0,2,8,0,False,1400,False,10,SERVICE
Rake-13,2026-04-10,CLOSED,NONE,False,1200,50000,2025-09-13,2,0.0,0.0,ElectroBrake_v2,0,91.0,0,6,0,False,1200,False,10,STANDBY
Rake-14,2025-10-10,CLOSED,NONE,False,1400,50000,2025-09-12,1,0.0,0.0,HydroMech_v1,1200,100.0,1,7,2,False,0,False,10,SERVICE
Rake-15,2026-06-19,CLOSED,NONE,False,1600,50000,2025-09-10,0,0.0,0.0,ElectroBrake_v2,1400,100.0,1,8,1,False,0,False,10,SERVICE
Rake-16,2027-01-01,CLOSED,NONE,False,1200,50000,2025-09-13,2,0.0,0.0,ElectroBrake_v2,0,95.0,1,6,0,False,1000,False,10,SERVICE
Rake-17,2026-09-05,CLOSED,NONE,True,1600,50000,2025-09-11,1,40.0,128.0,HydroMech_v1,0,91.0,3,8,0,False,1400,False,10,SERVICE
Rake-18,2026-11-20,CLOSED,NONE,False,1600,50000,2025-09-13,0,0.0,0.0,ElectroBrake_v2,0,92.0,2,8,0,False,1400,False,10,SERVICE
Rake-19,2026-10-10,CLOSED,NONE,False,1400,50000,2025-09-06,1,0.0,0.0,HydroMech_v1,400,92.0,0,7,1,False,1000,False,10,STANDBY
Rake-20,2025-10-13,CLOSED,NONE,False,1200,50000,2025-09-12,2,0.0,0.0,ElectroBrake_v2,0,95.0,1,6,0,False,1000,False,10,SERVICE
Rake-21,2026-12-01,CLOSED,NONE,False,1600,50000,2025-09-13,1,0.0,0.0,ElectroBrake_v2,1000,96.0,3,8,1,False,400,False,10,SERVICE
Rake-22,2026-04-15,CLOSED,NONE,False,1600,50000,2025-09-12,0,0.0,0.0,HydroMech_v1,1200,98.0,2,8,1,False,200,False,10,SERVICE
Rake-23,2026-07-20,CLOSED,NONE,True,1600,50000,2025-09-11,2,120.0,128.0,ElectroBrake_v2,1000,94.0,0,8,1,False,600,False,10,STANDBY
Rake-24,2026-08-25,CLOSED,NONE,False,1400,50000,2025-09-10,1,0.0,0.0,HydroMech_v1,1400,100.0,0,7,1,False,1400,False,10,MAINTENANCE
Rake-25,2026-01-30,CLOSED,NONE,False,1600,50000,2025-09-13,0,0.0,0.0,ElectroBrake_v2,400,93.0,3,8,1,False,1000,False,10,SERVICE
Rake-01,2026-10-20,CLOSED,NONE,False,1600,50000,2025-09-12,0,0.0,0.0,ElectroBrake_v2,0,89.0,0,8,0,False,1600,False,11,STANDBY
Rake-02,2025-10-12,CLOSED,NONE,False,1600,50000,2025-09-10,1,0.0,0.0,HydroMech_v1,800,92.0,0,8,2,False,800,False,11,STANDBY
Rake-03,2026-01-15,CLOSED,NONE,False,1400,50000,2025-09-12,2,0.0,0.0,ElectroBrake_v2,0,93.0,2,7,1,False,1200,False,11,SERVICE
Rake-04,2025-11-05,CLOSED,NONE,True,1600,50000,2025-09-11,1,60.0,128.0,ElectroBrake_v2,600,93.0,0,8,1,False,1000,False,11,STANDBY
Rake-05,2025-09-14,CLOSED,NONE,True,1800,50000,2025-09-12,0,80.0,144.0,HydroMech_v1,800,96.0,1,9,1,False,800,False,11,SERVICE
Rake-06,2026-03-18,CLOSED,NONE,False,1400,50000,2025-09-05,2,0.0,0.0,ElectroBrake_v2,0,94.0,1,7,0,False,1200,False,11,SERVICE
Rake-07,2025-10-13,CLOSED,NONE,False,1600,50000,2025-09-12,1,0.0,0.0,HydroMech_v1,1400,100.0,1,8,1,False,0,False,11,SERVICE
Rake-08,2026-05-22,CLOSED,NONE,False,1800,50000,2025-09-13,0,0.0,0.0,ElectroBrake_v2,600,93.0,3,9,1,False,1000,False,11,SERVICE
Rake-09,2026-07-30,CLOSED,NONE,False,1400,50000,2025-09-11,2,0.0,0.0,HydroMech_v1,0,93.0,2,7,1,False,1200,False,11,SERVICE
Rake-10,2025-12-12,CLOSED,NONE,False,1600,50000,2025-09-13,1,0.0,0.0,ElectroBrake_v2,1600,100.0,0,8,1,False,1600,False,11,MAINTENANCE
Rake-11,2026-02-28,CLOSED,NONE,True,1800,50000,2025-09-12,1,100.0,144.0,ElectroBrake_v2,800,95.0,2,9,1,False,800,False,11,SERVICE
Rake-12,2026-08-01,CLOSED,NONE,False,1800,50000,2025-09-04,0,0.0,0.0,HydroMech_v1,0,90.0,3,9,0,False,1600,False,11,SERVICE
Rake-13,2026-04-10,CLOSED,NONE,False,1400,50000,2025-09-13,2,0.0,0.0,ElectroBrake_v2,0,94.0,1,7,0,False,1200,False,11,SERVICE
Rake-14,2025-10-10,CLOSED,NONE,False,1600,50000,2025-09-12,1,0.0,0.0,HydroMech_v1,1200,98.0,2,8,2,False,200,False,11,SERVICE
Rake-15,2026-06-19,CLOSED,NONE,False,1800,50000,2025-09-10,0,0.0,0.0,ElectroBrake_v2,1400,98.0,2,9,1,False,200,False,11,SERVICE
Rake-16,2027-01-01,CLOSED,NONE,False,1400,50000,2025-09-13,2,0.0,0.0,ElectroBrake_v2,0,93.0,2,7,0,False,1200,False,11,SERVICE
Rake-17,2026-09-05,CLOSED,NONE,True,1600,50000,2025-09-11,1,40.0,128.0,HydroMech_v1,1600,100.0,0,8,1,False,1600,False,11,MAINTENANCE
Rake-18,2026-11-20,CLOSED,NONE,False,1800,50000,2025-09-13,0,0.0,0.0,ElectroBrake_v2,0,90.0,3,9,0,False,1600,False,11,SERVICE
Rake-19,2026-10-10,CLOSED,NONE,False,1600,50000,2025-09-06,1,0.0,0.0,HydroMech_v1,400,95.0,1,8,1,False,1000,False,11,SERVICE
Rake-20,2025-10-13,CLOSED,NONE,False,1400,50000,2025-09-12,2,0.0,0.0,ElectroBrake_v2,0,93.0,2,7,0,False,1200,False,11,SERVICE
Rake-21,2026-12-01,CLOSED,NONE,False,1600,50000,2025-09-13,1,0.0,0.0,ElectroBrake_v2,1000,94.0,0,8,1,False,600,False,11,STANDBY
Rake-22,2026-04-15,CLOSED,NONE,False,1800,50000,2025-09-12,0,0.0,0.0,HydroMech_v1,1200,96.0,3,9,1,False,400,False,11,SERVICE
Rake-23,2026-07-20,CLOSED,NONE,True,1800,50000,2025-09-11,2,120.0,144.0,ElectroBrake_v2,1000,97.0,1,9,1,False,600,False,11,SERVICE
Rake-24,2026-08-25,CLOSED,NONE,False,1600,50000,2025-09-10,1,0.0,0.0,HydroMech_v1,1400,100.0,1,8,1,False,0,False,11,SERVICE
Rake-25,2026-01-30,CLOSED,NONE,False,1600,50000,2025-09-13,0,0.0,0.0,ElectroBrake_v2,400,91.0,0,8,1,False,1200,False,11,STANDBY
Rake-01,2026-10-20,CLOSED,NONE,False,1800,50000,2025-09-12,0,0.0,0.0,ElectroBrake_v2,0,92.0,1,9,0,False,1600,False,12,SERVICE
Rake-02,2025-10-12,CLOSED,NONE,False,1800,50000,2025-09-10,1,0.0,0.0,HydroMech_v1,800,96.0,1,9,2,False,800,False,12,SERVICE
Rake-03,2026-01-15,CLOSED,NONE,False,1400,50000,2025-09-12,2,0.0,0.0,ElectroBrake_v2,0,91.0,0,7,1,False,1400,False,12,STANDBY
Rake-04,2025-11-05,CLOSED,NONE,True,1800,50000,2025-09-11,1,60.0,144.0,ElectroBrake_v2,600,95.0,1,9,1,False,1000,False,12,SERVICE
Rake-05,2025-09-14,CLOSED,NONE,True,2000,50000,2025-09-12,0,80.0,160.0,HydroMech_v1,800,94.0,2,10,1,False,1000,False,12,SERVICE
Rake-06,2026-03-18,CLOSED,NONE,False,1600,50000,2025-09-05,2,0.0,0.0,ElectroBrake_v2,0,92.0,2,8,0,False,1400,False,12,SERVICE
Rake-07,2025-10-13,CLOSED,NONE,False,1800,50000,2025-09-12,1,0.0,0.0,HydroMech_v1,1400,98.0,2,9,1,False,200,False,12,SERVICE
Rake-08,2026-05-22,CLOSED,NONE,False,1800,50000,2025-09-13,0,0.0,0.0,ElectroBrake_v2,600,91.0,0,9,1,False,1200,False,12,STANDBY
Rake-09,2026-07-30,CLOSED,NONE,False,1600,50000,2025-09-11,2,0.0,0.0,HydroMech_v1,0,91.0,3,8,1,False,1400,False,12,SERVICE
Rake-10,2025-12-12,CLOSED,NONE,False,1800,50000,2025-09-13,1,0.0,0.0,ElectroBrake_v2,1600,100.0,1,9,1,False,0,False,12,SERVICE
Rake-11,2026-02-28,CLOSED,NONE,True,1800,50000,2025-09-12,1,100.0,144.0,ElectroBrake_v2,800,93.0,0,9,1,False,1000,False,12,STANDBY
Rake-12,2026-08-01,CLOSED,NONE,False,1800,50000,2025-09-04,0,0.0,0.0,HydroMech_v1,1800,100.0,0,9,1,False,1800,False,12,MAINTENANCE
Rake-13,2026-04-10,CLOSED,NONE,False,1600,50000,2025-09-13,2,0.0,0.0,ElectroBrake_v2,0,92.0,2,8,0,False,1400,False,12,SERVICE
Rake-14,2025-10-10,CLOSED,NONE,False,1800,50000,2025-09-12,1,0.0,0.0,HydroMech_v1,1200,96.0,3,9,2,False,400,False,12,SERVICE
Rake-15,2026-06-19,CLOSED,NONE,False,2000,50000,2025-09-10,0,0.0,0.0,ElectroBrake_v2,1400,96.0,3,10,1,False,400,False,12,SERVICE
Rake-16,2027-01-01,CLOSED,NONE,False,1400,50000,2025-09-13,2,0.0,0.0,ElectroBrake_v2,0,91.0,0,7,0,False,1400,False,12,STANDBY
Rake-17,2026-09-05,CLOSED,NONE,True,1800,50000,2025-09-11,1,40.0,144.0,HydroMech_v1,1600,100.0,1,9,1,False,0,False,12,SERVICE
Rake-18,2026-11-20,CLOSED,NONE,False,1800,50000,2025-09-13,0,0.0,0.0,ElectroBrake_v2,1800,100.0,0,9,1,False,1800,False,12,MAINTENANCE
Rake-19,2026-10-10,CLOSED,NONE,False,1800,50000,2025-09-06,1,0.0,0.0,HydroMech_v1,400,93.0,2,9,1,False,1200,False,12,SERVICE
Rake-20,2025-10-13,CLOSED,NONE,False,1600,50000,2025-09-12,2,0.0,0.0,ElectroBrake_v2,0,91.0,3,8,0,False,1400,False,12,SERVICE
Rake-21,2026-12-01,CLOSED,NONE,False,1800,50000,2025-09-13,1,0.0,0.0,ElectroBrake_v2,1000,97.0,1,9,1,False,600,False,12,SERVICE
Rake-22,2026-04-15,CLOSED,NONE,False,1800,50000,2025-09-12,0,0.0,0.0,HydroMech_v1,1200,94.0,0,9,1,False,600,False,12,STANDBY
Rake-23,2026-07-20,CLOSED,NONE,True,2000,50000,2025-09-11,2,120.0,160.0,ElectroBrake_v2,1000,95.0,2,10,1,False,800,False,12,SERVICE
Rake-24,2026-08-25,CLOSED,NONE,False,1800,50000,2025-09-10,1,0.0,0.0,HydroMech_v1,1400,98.0,2,9,1,False,200,False,12,SERVICE
Rake-25,2026-01-30,CLOSED,NONE,False,1800,50000,2025-09-13,0,0.0,0.0,ElectroBrake_v2,400,94.0,1,9,1,False,1200,False,12,SERVICE
Rake-01,2026-10-20,CLOSED,NONE,False,2000,50000,2025-09-12,0,0.0,0.0,ElectroBrake_v2,0,90.0,2,10,0,False,1800,False,13,SERVICE
Rake-02,2025-10-12,CLOSED,NONE,False,2000,50000,2025-09-10,1,0.0,0.0,HydroMech_v1,800,94.0,2,10,2,False,1000,False,13,SERVICE
Rake-03,2026-01-15,CLOSED,NONE,False,1600,50000,2025-09-12,2,0.0,0.0,ElectroBrake_v2,0,93.0,1,8,1,False,1400,False,13,SERVICE
Rake-04,2025-11-05,CLOSED,NONE,True,2000,50000,2025-09-11,1,60.0,160.0,ElectroBrake_v2,600,93.0,2,10,1,False,1200,False,13,SERVICE
Rake-05,2025-09-14,CLOSED,NONE,True,2000,50000,2025-09-12,0,80.0,160.0,HydroMech_v1,800,92.0,0,10,1,False,1200,False,13,STANDBY
Rake-06,2026-03-18,CLOSED,NONE,False,1800,50000,2025-09-05,2,0.0,0.0,ElectroBrake_v2,0,90.0,3,9,0,False,1600,False,13,SERVICE
Rake-07,2025-10-13,CLOSED,NONE,False,1800,50000,2025-09-12,1,0.0,0.0,HydroMech_v1,1400,96.0,0,9,1,False,400,False,13,STANDBY
Rake-08,2026-05-22,CLOSED,NONE,False,2000,50000,2025-09-13,0,0.0,0.0,ElectroBrake_v2,600,94.0,1,10,1,False,1200,False,13,SERVICE
Rake-09,2026-07-30,CLOSED,NONE,False,1600,50000,2025-09-11,2,0.0,0.0,HydroMech_v1,1600,100.0,0,8,2,False,1600,False,13,MAINTENANCE
Rake-10,2025-12-12,CLOSED,NONE,False,2000,50000,2025-09-13,1,0.0,0.0,ElectroBrake_v2,1600,98.0,2,10,1,False,200,False,13,SERVICE
Rake-11,2026-02-28,CLOSED,NONE,True,2000,50000,2025-09-12,1,100.0,160.0,ElectroBrake_v2,800,95.0,1,10,1,False,1000,False,13,SERVICE
Rake-12,2026-08-01,CLOSED,NONE,False,2000,50000,2025-09-04,0,0.0,0.0,HydroMech_v1,1800,100.0,1,10,1,False,0,False,13,SERVICE
Rake-13,2026-04-10,CLOSED,NONE,False,1800,50000,2025-09-13,2,0.0,0.0,ElectroBrake_v2,0,90.0,3,9,0,False,1600,False,13,SERVICE
Rake-14,2025-10-10,CLOSED,NONE,False,1800,50000,2025-09-12,1,0.0,0.0,HydroMech_v1,1200,94.0,0,9,2,False,600,False,13,STANDBY
Rake-15,2026-06-19,CLOSED,NONE,False,2200,50000,2025-09-10,0,0.0,0.0,ElectroBrake_v2,1400,94.0,4,11,1,False,600,False,13,SERVICE
Rake-16,2027-01-01,CLOSED,NONE,False,1600,50000,2025-09-13,2,0.0,0.0,ElectroBrake_v2,0,93.0,1,8,0,False,1400,False,13,SERVICE
Rake-17,2026-09-05,CLOSED,NONE,True,1800,50000,2025-09-11,1,40.0,144.0,HydroMech_v1,1600,98.0,0,9,1,False,200,False,13,STANDBY
Rake-18,2026-11-20,CLOSED,NONE,False,2000,50000,2025-09-13,0,0.0,0.0,ElectroBrake_v2,1800,100.0,1,10,1,False,0,False,13,SERVICE
Rake-19,2026-10-10,CLOSED,NONE,False,1800,50000,2025-09-06,1,0.0,0.0,HydroMech_v1,1800,100.0,0,9,2,False,1400,False,13,MAINTENANCE
Rake-20,2025-10-13,CLOSED,NONE,False,1800,50000,2025-09-12,2,0.0,0.0,ElectroBrake_v2,0,89.0,4,9,0,False,1600,False,13,SERVICE
Rake-21,2026-12-01,CLOSED,NONE,False,2000,50000,2025-09-13,1,0.0,0.0,ElectroBrake_v2,1000,95.0,2,10,1,False,800,False,13,SERVICE
Rake-22,2026-04-15,CLOSED,NONE,False,2000,50000,2025-09-12,0,0.0,0.0,HydroMech_v1,1200,97.0,1,10,1,False,600,False,13,SERVICE
Rake-23,2026-07-20,CLOSED,NONE,True,2200,50000,2025-09-11,2,120.0,176.0,ElectroBrake_v2,1000,93.0,3,11,1,False,1000,False,13,SERVICE
Rake-24,2026-08-25,CLOSED,NONE,False,1800,50000,2025-09-10,1,0.0,0.0,HydroMech_v1,1400,96.0,0,9,1,False,400,False,13,STANDBY
Rake-25,2026-01-30,CLOSED,NONE,False,2000,50000,2025-09-13,0,0.0,0.0,ElectroBrake_v2,400,92.0,2,10,1,False,1400,False,13,SERVICE
Rake-01,2026-10-20,CLOSED,NONE,False,2200,50000,2025-09-12,0,0.0,0.0,ElectroBrake_v2,0,88.0,3,11,0,False,2000,False,14,SERVICE
Rake-02,2025-10-12,CLOSED,NONE,False,2000,50000,2025-09-10,1,0.0,0.0,HydroMech_v1,2000,100.0,0,10,3,False,1200,False,14,MAINTENANCE
Rake-03,2026-01-15,CLOSED,NONE,False,1800,50000,2025-09-12,2,0.0,0.0,ElectroBrake_v2,0,91.0,2,9,1,False,1600,False,14,SERVICE
Rake-04,2025-11-05,CLOSED,NONE,True,2200,50000,2025-09-11,1,60.0,176.0,ElectroBrake_v2,600,91.0,3,11,1,False,1400,False,14,SERVICE
Rake-05,2025-09-14,CLOSED,NONE,True,2000,50000,2025-09-12,0,80.0,160.0,HydroMech_v1,2000,100.0,0,10,2,False,1200,False,14,MAINTENANCE
Rake-06,2026-03-18,CLOSED,NONE,False,2000,50000,2025-09-05,2,0.0,0.0,ElectroBrake_v2,0,88.0,4,10,0,False,1800,False,14,SERVICE
Rake-07,2025-10-13,CLOSED,NONE,False,2000,50000,2025-09-12,1,0.0,0.0,HydroMech_v1,1400,98.0,1,10,1,False,400,False,14,SERVICE
Rake-08,2026-05-22,CLOSED,NONE,False,2200,50000,2025-09-13,0,0.0,0.0,ElectroBrake_v2,600,92.0,2,11,1,False,1400,False,14,SERVICE
Rake-09,2026-07-30,CLOSED,NONE,False,1800,50000,2025-09-11,2,0.0,0.0,HydroMech_v1,1600,100.0,1,9,2,False,0,False,14,SERVICE
Rake-10,2025-12-12,CLOSED,NONE,False,2200,50000,2025-09-13,1,0.0,0.0,ElectroBrake_v2,1600,96.0,3,11,1,False,400,False,14,SERVICE
Rake-11,2026-02-28,CLOSED,NONE,True,2200,50000,2025-09-12,1,100.0,176.0,ElectroBrake_v2,800,93.0,2,11,1,False,1200,False,14,SERVICE
Rake-12,2026-08-01,CLOSED,NONE,False,2000,50000,2025-09-04,0,0.0,0.0,HydroMech_v1,1800,98.0,0,10,1,False,200,False,14,STANDBY
Rake-13,2026-04-10,CLOSED,NONE,False,2000,50000,2025-09-13,2,0.0,0.0,ElectroBrake_v2,0,88.0,4,10,0,False,1800,False,14,SERVICE
Rake-14,2025-10-10,CLOSED,NONE,False,1800,50000,2025-09-12,1,0.0,0.0,HydroMech_v1,1200,97.0,0,9,2,False,600,False,14,STANDBY
Rake-15,2026-06-19,CLOSED,NONE,False,2400,50000,2025-09-10,0,0.0,0.0,ElectroBrake_v2,1400,92.0,5,12,1,False,800,False,14,SERVICE
Rake-16,2027-01-01,CLOSED,NONE,False,1800,50000,2025-09-13,2,0.0,0.0,ElectroBrake_v2,0,91.0,2,9,0,False,1600,False,14,SERVICE
Rake-17,2026-09-05,CLOSED,NONE,True,1800,50000,2025-09-11,1,40.0,144.0,HydroMech_v1,1600,99.0,0,9,1,False,200,False,14,STANDBY
Rake-18,2026-11-20,CLOSED,NONE,False,2200,50000,2025-09-13,0,0.0,0.0,ElectroBrake_v2,1800,98.0,2,11,1,False,200,False,14,SERVICE
Rake-19,2026-10-10,CLOSED,NONE,False,1800,50000,2025-09-06,1,0.0,0.0,HydroMech_v1,1800,100.0,0,9,2,False,0,False,14,STANDBY
Rake-20,2025-10-13,CLOSED,NONE,False,2000,50000,2025-09-12,2,0.0,0.0,ElectroBrake_v2,0,87.0,5,10,0,False,1800,False,14,SERVICE
Rake-21,2026-12-01,CLOSED,NONE,False,2200,50000,2025-09-13,1,0.0,0.0,ElectroBrake_v2,1000,93.0,3,11,1,False,1000,False,14,SERVICE
Rake-22,2026-04-15,CLOSED,NONE,False,2000,50000,2025-09-12,0,0.0,0.0,HydroMech_v1,1200,95.0,0,10,1,False,800,False,14,STANDBY
Rake-23,2026-07-20,CLOSED,NONE,True,2400,50000,2025-09-11,2,120.0,192.0,ElectroBrake_v2,1000,91.0,4,12,1,False,1200,False,14,SERVICE
Rake-24,2026-08-25,CLOSED,NONE,False,2000,50000,2025-09-10,1,0.0,0.0,HydroMech_v1,1400,98.0,1,10,1,False,400,False,14,SERVICE
Rake-25,2026-01-30,CLOSED,NONE,False,2200,50000,2025-09-13,0,0.0,0.0,ElectroBrake_v2,400,90.0,3,11,1,False,1600,False,14,SERVICE
Rake-01,2026-10-20,CLOSED,NONE,False,2400,50000,2025-09-12,0,0.0,0.0,ElectroBrake_v2,0,86.0,4,12,0,False,2200,False,15,SERVICE
Rake-02,2025-10-12,CLOSED,NONE,False,2200,50000,2025-09-10,1,0.0,0.0,HydroMech_v1,2000,100.0,1,11,3,False,0,False,15,SERVICE
Rake-03,2026-01-15,CLOSED,NONE,False,2000,50000,2025-09-12,2,0.0,0.0,ElectroBrake_v2,0,89.0,3,10,1,False,1800,False,15,SERVICE
Rake-04,2025-11-05,CLOSED,NONE,True,2400,50000,2025-09-11,1,60.0,192.0,ElectroBrake_v2,600,89.0,4,12,1,False,1600,False,15,SERVICE
Rake-05,2026-09-15,CLOSED,NONE,True,2000,50000,2025-09-12,0,80.0,160.0,HydroMech_v1,2000,100.0,0,10,3,True,0,False,15,MAINTENANCE
Rake-06,2026-03-18,CLOSED,NONE,False,2000,50000,2025-09-05,2,0.0,0.0,ElectroBrake_v2,0,86.0,0,10,0,False,2000,False,15,STANDBY
Rake-07,2025-10-13,CLOSED,NONE,False,2200,50000,2025-09-12,1,0.0,0.0,HydroMech_v1,1400,96.0,2,11,1,False,600,False,15,SERVICE
Rake-08,2026-05-22,CLOSED,NONE,False,2400,50000,2025-09-13,0,0.0,0.0,ElectroBrake_v2,600,90.0,3,12,1,False,1600,False,15,SERVICE
Rake-09,2026-07-30,CLOSED,NONE,False,2000,50000,2025-09-11,2,0.0,0.0,HydroMech_v1,1600,98.0,2,10,2,False,200,False,15,SERVICE
Rake-10,2025-12-12,CLOSED,NONE,False,2400,50000,2025-09-13,1,0.0,0.0,ElectroBrake_v2,1600,94.0,4,12,1,False,600,False,15,SERVICE
Rake-11,2026-02-28,CLOSED,NONE,True,2400,50000,2025-09-12,1,100.0,192.0,ElectroBrake_v2,800,91.0,3,12,1,False,1400,False,15,SERVICE
Rake-12,2026-08-01,CLOSED,NONE,False,2200,50000,2025-09-04,0,0.0,0.0,HydroMech_v1,1800,99.0,1,11,1,False,200,False,15,SERVICE
Rake-13,2026-04-10,CLOSED,NONE,False,2000,50000,2025-09-13,2,0.0,0.0,ElectroBrake_v2,0,86.0,0,10,0,False,2000,False,15,STANDBY
Rake-14,2025-10-10,CLOSED,NONE,False,2000,50000,2025-09-12,1,0.0,0.0,HydroMech_v1,1200,97.0,1,10,2,False,600,False,15,SERVICE
Rake-15,2026-06-19,CLOSED,NONE,False,2400,50000,2025-09-10,0,0.0,0.0,ElectroBrake_v2,1400,90.0,0,12,1,False,1000,False,15,STANDBY
Rake-16,2027-01-01,CLOSED,NONE,False,2000,50000,2025-09-13,2,0.0,0.0,ElectroBrake_v2,0,89.0,3,10,0,False,1800,False,15,SERVICE
Rake-17,2026-09-05,CLOSED,NONE,True,2000,50000,2025-09-11,1,40.0,160.0,HydroMech_v1,1600,99.0,1,10,1,False,200,False,15,SERVICE
Rake-18,2026-11-20,CLOSED,NONE,False,2400,50000,2025-09-13,0,0.0,0.0,ElectroBrake_v2,1800,96.0,3,12,1,False,400,False,15,SERVICE
Rake-19,2026-10-10,CLOSED,NONE,False,1800,50000,2025-09-06,1,0.0,0.0,HydroMech_v1,1800,100.0,0,9,3,False,0,True,15,MAINTENANCE
Rake-20,2025-10-13,CLOSED,NONE,False,2000,50000,2025-09-12,2,0.0,0.0,ElectroBrake_v2,0,85.0,0,10,0,False,2000,False,15,STANDBY
Rake-21,2026-12-01,CLOSED,NONE,False,2400,50000,2025-09-13,1,0.0,0.0,ElectroBrake_v2,1000,91.0,4,12,1,False,1200,False,15,SERVICE
Rake-22,2026-04-15,CLOSED,NONE,False,2200,50000,2025-09-12,0,0.0,0.0,HydroMech_v1,1200,96.0,1,11,1,False,800,False,15,SERVICE
Rake-23,2026-07-20,CLOSED,NONE,True,2400,50000,2025-09-11,2,120.0,192.0,ElectroBrake_v2,1000,89.0,0,12,1,False,1400,False,15,STANDBY
Rake-24,2026-08-25,CLOSED,NONE,False,2200,50000,2025-09-10,1,0.0,0.0,HydroMech_v1,1400,96.0,2,11,1,False,600,False,15,SERVICE
Rake-25,2026-01-30,CLOSED,NONE,False,2400,50000,2025-09-13,0,0.0,0.0,ElectroBrake_v2,400,88.0,4,12,1,False,1800,False,15,SERVICE
Rake-01,2026-10-20,CLOSED,NONE,False,2400,50000,2025-09-12,0,0.0,0.0,ElectroBrake_v2,2400,100.0,0,12,1,False,2400,False,16,MAINTENANCE
Rake-02,2025-10-12,CLOSED,NONE,False,2400,50000,2025-09-10,1,0.0,0.0,HydroMech_v1,2000,98.0,2,12,3,False,200,False,16,SERVICE
Rake-03,2026-01-15,CLOSED,NONE,False,2200,50000,2025-09-12,2,0.0,0.0,ElectroBrake_v2,0,87.0,4,11,1,False,2000,False,16,SERVICE
Rake-04,2025-11-05,CLOSED,NONE,True,2400,50000,2025-09-11,1,60.0,192.0,ElectroBrake_v2,600,87.0,0,12,1,False,1800,False,16,STANDBY
Rake-05,2026-09-15,CLOSED,NONE,True,2200,50000,2025-09-12,0,80.0,176.0,HydroMech_v1,2000,100.0,1,11,3,False,0,False,16,SERVICE
Rake-06,2026-03-18,CLOSED,NONE,False,2200,50000,2025-09-05,2,0.0,0.0,ElectroBrake_v2,0,90.0,1,11,0,False,2000,False,16,SERVICE
Rake-07,2025-10-13,CLOSED,NONE,False,2400,50000,2025-09-12,1,0.0,0.0,HydroMech_v1,1400,94.0,3,12,1,False,800,False,16,SERVICE
Rake-08,2026-05-22,CLOSED,NONE,False,2600,50000,2025-09-13,0,0.0,0.0,ElectroBrake_v2,600,88.0,4,13,1,False,1800,False,16,SERVICE
Rake-09,2026-07-30,CLOSED,NONE,False,2200,50000,2025-09-11,2,0.0,0.0,HydroMech_v1,1600,96.0,3,11,2,False,400,False,16,SERVICE
Rake-10,2025-12-12,CLOSED,NONE,False,2400,50000,2025-09-13,1,0.0,0.0,ElectroBrake_v2,1600,92.0,0,12,1,False,800,False,16,STANDBY
Rake-11,2026-02-28,CLOSED,NONE,True,2400,50000,2025-09-12,1,100.0,192.0,ElectroBrake_v2,800,89.0,0,12,1,False,1600,False,16,STANDBY
Rake-12,2026-08-01,CLOSED,NONE,False,2400,50000,2025-09-04,0,0.0,0.0,HydroMech_v1,1800,97.0,2,12,1,False,400,False,16,SERVICE
Rake-13,2026-04-10,CLOSED,NONE,False,2200,50000,2025-09-13,2,0.0,0.0,ElectroBrake_v2,0,90.0,1,11,0,False,2000,False,16,SERVICE
Rake-14,2025-10-10,CLOSED,NONE,False,2200,50000,2025-09-12,1,0.0,0.0,HydroMech_v1,1200,95.0,2,11,2,False,800,False,16,SERVICE
Rake-15,2026-06-19,CLOSED,NONE,False,2600,50000,2025-09-10,0,0.0,0.0,ElectroBrake_v2,1400,95.0,1,13,1,False,1000,False,16,SERVICE
Rake-16,2027-01-01,CLOSED,NONE,False,2200,50000,2025-09-13,2,0.0,0.0,ElectroBrake_v2,0,87.0,4,11,0,False,2000,False,16,SERVICE
Rake-17,2026-09-05,CLOSED,NONE,True,2200,50000,2025-09-11,1,40.0,176.0,HydroMech_v1,1600,97.0,2,11,1,False,400,False,16,SERVICE
Rake-18,2026-11-20,CLOSED,NONE,False,2400,50000,2025-09-13,0,0.0,0.0,ElectroBrake_v2,1800,94.0,0,12,1,False,600,False,16,STANDBY
Rake-19,2026-10-10,CLOSED,NONE,False,2000,50000,2025-09-06,1,0.0,0.0,HydroMech_v1,1800,100.0,1,10,3,False,0,False,16,SERVICE
Rake-20,2025-10-13,CLOSED,NONE,False,2200,50000,2025-09-12,2,0.0,0.0,ElectroBrake_v2,0,90.0,1,11,0,False,2000,False,16,SERVICE
Rake-21,2026-12-01,CLOSED,NONE,False,2400,50000,2025-09-13,1,0.0,0.0,ElectroBrake_v2,1000,89.0,0,12,1,False,1400,False,16,STANDBY
Rake-22,2026-04-15,CLOSED,NONE,False,2400,50000,2025-09-12,0,0.0,0.0,HydroMech_v1,1200,94.0,2,12,1,False,1000,False,16,SERVICE
Rake-23,2026-07-20,CLOSED,NONE,True,2600,50000,2025-09-11,2,120.0,208.0,ElectroBrake_v2,1000,93.0,1,13,1,False,1400,False,16,SERVICE
Rake-24,2026-08-25,CLOSED,NONE,False,2400,50000,2025-09-10,1,0.0,0.0,HydroMech_v1,1400,94.0,3,12,1,False,800,False,16,SERVICE
Rake-25,2026-01-30,CLOSED,NONE,False,2400,50000,2025-09-13,0,0.0,0.0,ElectroBrake_v2,2400,100.0,0,12,2,False,2000,False,16,MAINTENANCE
Rake-01,2026-10-20,CLOSED,NONE,False,2600,50000,2025-09-12,0,0.0,0.0,ElectroBrake_v2,2400,100.0,1,13,1,False,0,False,17,SERVICE
Rake-02,2025-10-12,CLOSED,NONE,False,2400,50000,2025-09-10,1,0.0,0.0,HydroMech_v1,2000,96.0,0,12,3,False,400,False,17,STANDBY
Rake-03,2026-01-15,CLOSED,NONE,False,2200,50000,2025-09-12,2,0.0,0.0,ElectroBrake_v2,2200,100.0,0,11,2,False,2200,False,17,MAINTENANCE
Rake-04,2025-11-05,CLOSED,NONE,True,2600,50000,2025-09-11,1,60.0,208.0,ElectroBrake_v2,600,91.0,1,13,1,False,1800,False,17,SERVICE
Rake-05,2026-09-15,CLOSED,NONE,True,2400,50000,2025-09-12,0,80.0,192.0,HydroMech_v1,2000,98.0,2,12,3,False,200,False,17,SERVICE
Rake-06,2026-03-18,CLOSED,NONE,False,2400,50000,2025-09-05,2,0.0,0.0,ElectroBrake_v2,0,88.0,2,12,0,False,2200,False,17,SERVICE
Rake-07,2025-10-13,CLOSED,NONE,False,2400,50000,2025-09-12,1,0.0,0.0,HydroMech_v1,1400,92.0,0,12,1,False,1000,False,17,STANDBY
Rake-08,2026-05-22,CLOSED,NONE,False,2600,50000,2025-09-13,0,0.0,0.0,ElectroBrake_v2,600,86.0,0,13,1,False,2000,False,17,STANDBY
Rake-09,2026-07-30,CLOSED,NONE,False,2200,50000,2025-09-11,2,0.0,0.0,HydroMech_v1,1600,94.0,0,11,2,False,600,False,17,STANDBY
Rake-10,2025-12-12,CLOSED,NONE,False,2600,50000,2025-09-13,1,0.0,0.0,ElectroBrake_v2,1600,96.0,1,13,1,False,800,False,17,SERVICE
Rake-11,2026-02-28,CLOSED,NONE,True,2600,50000,2025-09-12,1,100.0,208.0,ElectroBrake_v2,800,92.0,1,13,1,False,1600,False,17,SERVICE
Rake-12,2026-08-01,CLOSED,NONE,False,2600,50000,2025-09-04,0,0.0,0.0,HydroMech_v1,1800,95.0,3,13,1,False,600,False,17,SERVICE
Rake-13,2026-04-10,CLOSED,NONE,False,2400,50000,2025-09-13,2,0.0,0.0,ElectroBrake_v2,0,88.0,2,12,0,False,2200,False,17,SERVICE
Rake-14,2025-10-10,CLOSED,NONE,False,2400,50000,2025-09-12,1,0.0,0.0,HydroMech_v1,1200,93.0,3,12,2,False,1000,False,17,SERVICE
Rake-15,2026-06-19,CLOSED,NONE,False,2800,50000,2025-09-10,0,0.0,0.0,ElectroBrake_v2,1400,93.0,2,14,1,False,1200,False,17,SERVICE
Rake-16,2027-01-01,CLOSED,NONE,False,2200,50000,2025-09-13,2,0.0,0.0,ElectroBrake_v2,2200,100.0,0,11,1,False,2200,False,17,MAINTENANCE
Rake-17,2026-09-05,CLOSED,NONE,True,2400,50000,2025-09-11,1,40.0,192.0,HydroMech_v1,1600,95.0,3,12,1,False,600,False,17,SERVICE
Rake-18,2026-11-20,CLOSED,NONE,False,2600,50000,2025-09-13,0,0.0,0.0,ElectroBrake_v2,1800,97.0,1,13,1,False,600,False,17,SERVICE
Rake-19,2026-10-10,CLOSED,NONE,False,2200,50000,2025-09-06,1,0.0,0.0,HydroMech_v1,1800,98.0,2,11,3,False,200,False,17,SERVICE
Rake-20,2025-10-13,CLOSED,NONE,False,2400,50000,2025-09-12,2,0.0,0.0,ElectroBrake_v2,0,88.0,2,12,0,False,2200,False,17,SERVICE
Rake-21,2026-12-01,CLOSED,NONE,False,2600,50000,2025-09-13,1,0.0,0.0,ElectroBrake_v2,1000,93.0,1,13,1,False,1400,False,17,SERVICE
Rake-22,2026-04-15,CLOSED,NONE,False,2600,50000,2025-09-12,0,0.0,0.0,HydroMech_v1,1200,92.0,3,13,1,False,1200,False,17,SERVICE
Rake-23,2026-07-20,CLOSED,NONE,True,2800,50000,2025-09-11,2,120.0,224.0,ElectroBrake_v2,1000,91.0,2,14,1,False,1600,False,17,SERVICE
Rake-24,2026-08-25,CLOSED,NONE,False,2400,50000,2025-09-10,1,0.0,0.0,HydroMech_v1,1400,92.0,0,12,1,False,1000,False,17,STANDBY
Rake-25,2026-01-30,CLOSED,NONE,False,2600,50000,2025-09-13,0,0.0,0.0,ElectroBrake_v2,2400,100.0,1,13,2,False,0,False,17,SERVICE
Rake-01,2026-10-20,CLOSED,NONE,False,2800,50000,2025-09-12,0,0.0,0.0,ElectroBrake_v2,2400,98.0,2,14,1,False,200,False,18,SERVICE
Rake-02,2025-10-12,CLOSED,NONE,False,2600,50000,2025-09-10,1,0.0,0.0,HydroMech_v1,2000,98.0,1,13,3,False,400,False,18,SERVICE
Rake-03,2026-01-15,CLOSED,NONE,False,2400,50000,2025-09-12,2,0.0,0.0,ElectroBrake_v2,2200,100.0,1,12,2,False,0,False,18,SERVICE
Rake-04,2025-11-05,CLOSED,NONE,True,2800,50000,2025-09-11,1,60.0,224.0,ElectroBrake_v2,600,89.0,2,14,1,False,2000,False,18,SERVICE
Rake-05,2026-09-15,CLOSED,NONE,True,2600,50000,2025-09-12,0,80.0,208.0,HydroMech_v1,2000,96.0,3,13,3,False,400,False,18,SERVICE
Rake-06,2026-03-18,CLOSED,NONE,False,2400,50000,2025-09-05,2,0.0,0.0,ElectroBrake_v2,2400,100.0,0,12,1,False,2400,False,18,MAINTENANCE
Rake-07,2025-10-13,CLOSED,NONE,False,2600,50000,2025-09-12,1,0.0,0.0,HydroMech_v1,1400,95.0,1,13,1,False,1000,False,18,SERVICE
Rake-08,2026-05-22,CLOSED,NONE,False,2800,50000,2025-09-13,0,0.0,0.0,ElectroBrake_v2,600,90.0,1,14,1,False,2000,False,18,SERVICE
Rake-09,2026-07-30,CLOSED,NONE,False,2400,50000,2025-09-11,2,0.0,0.0,HydroMech_v1,1600,97.0,1,12,2,False,600,False,18,SERVICE
Rake-10,2025-12-12,CLOSED,NONE,False,2800,50000,2025-09-13,1,0.0,0.0,ElectroBrake_v2,1600,94.0,2,14,1,False,1000,False,18,SERVICE
Rake-11,2026-02-28,CLOSED,NONE,True,2800,50000,2025-09-12,1,100.0,224.0,ElectroBrake_v2,800,90.0,2,14,1,False,1800,False,18,SERVICE
Rake-12,2026-08-01,CLOSED,NONE,False,2600,50000,2025-09-04,0,0.0,0.0,HydroMech_v1,1800,93.0,0,13,1,False,800,False,18,STANDBY
Rake-13,2026-04-10,CLOSED,NONE,False,2600,50000,2025-09-13,2,0.0,0.0,ElectroBrake_v2,0,86.0,3,13,0,False,2400,False,18,SERVICE
Rake-14,2025-10-10,CLOSED,NONE,False,2400,50000,2025-09-12,1,0.0,0.0,HydroMech_v1,1200,91.0,0,12,2,False,1200,False,18,STANDBY
Rake-15,2026-06-19,CLOSED,NONE,False,2800,50000,2025-09-10,0,0.0,0.0,ElectroBrake_v2,1400,91.0,0,14,1,False,1400,False,18,STANDBY
Rake-16,2027-01-01,CLOSED,NONE,False,2400,50000,2025-09-13,2,0.0,0.0,ElectroBrake_v2,2200,100.0,1,12,1,False,0,False,18,SERVICE
Rake-17,2026-09-05,CLOSED,NONE,True,2400,50000,2025-09-11,1,40.0,192.0,HydroMech_v1,1600,93.0,0,12,1,False,800,False,18,STANDBY
Rake-18,2026-11-20,CLOSED,NONE,False,2800,50000,2025-09-13,0,0.0,0.0,ElectroBrake_v2,1800,95.0,2,14,1,False,800,False,18,SERVICE
Rake-19,2026-10-10,CLOSED,NONE,False,2400,50000,2025-09-06,1,0.0,0.0,HydroMech_v1,1800,96.0,3,12,3,False,400,False,18,SERVICE
Rake-20,2025-10-13,CLOSED,NONE,False,2600,50000,2025-09-12,2,0.0,0.0,ElectroBrake_v2,0,86.0,3,13,0,False,2400,False,18,SERVICE
Rake-21,2026-12-01,CLOSED,NONE,False,2800,50000,2025-09-13,1,0.0,0.0,ElectroBrake_v2,1000,91.0,2,14,1,False,1600,False,18,SERVICE
Rake-22,2026-04-15,CLOSED,NONE,False,2600,50000,2025-09-12,0,0.0,0.0,HydroMech_v1,1200,90.0,0,13,1,False,1400,False,18,STANDBY
Rake-23,2026-07-20,CLOSED,NONE,True,2800,50000,2025-09-11,2,120.0,224.0,ElectroBrake_v2,2800,100.0,0,14,2,False,1800,False,18,MAINTENANCE
Rake-24,2026-08-25,CLOSED,NONE,False,2600,50000,2025-09-10,1,0.0,0.0,HydroMech_v1,1400,95.0,1,13,1,False,1000,False,18,SERVICE
Rake-25,2026-01-30,CLOSED,NONE,False,2800,50000,2025-09-13,0,0.0,0.0,ElectroBrake_v2,2400,98.0,2,14,2,False,200,False,18,SERVICE
Rake-01,2026-10-20,CLOSED,NONE,False,3000,50000,2025-09-12,0,0.0,0.0,ElectroBrake_v2,2400,96.0,3,15,1,False,400,False,19,SERVICE
Rake-02,2025-10-12,CLOSED,NONE,False,2800,50000,2025-09-10,1,0.0,0.0,HydroMech_v1,2000,96.0,2,14,3,False,600,False,19,SERVICE
Rake-03,2026-01-15,CLOSED,NONE,False,2600,50000,2025-09-12,2,0.0,0.0,ElectroBrake_v2,2200,98.0,2,13,2,False,200,False,19,SERVICE
Rake-04,2025-11-05,CLOSED,NONE,True,3000,50000,2025-09-11,1,60.0,240.0,ElectroBrake_v2,600,87.0,3,15,1,False,2200,False,19,SERVICE
Rake-05,2026-09-15,CLOSED,NONE,True,2600,50000,2025-09-12,0,80.0,208.0,HydroMech_v1,2000,94.0,0,13,3,False,600,False,19,STANDBY
Rake-06,2026-03-18,CLOSED,NONE,False,2600,50000,2025-09-05,2,0.0,0.0,ElectroBrake_v2,2400,100.0,1,13,1,False,0,False,19,SERVICE
Rake-07,2025-10-13,CLOSED,NONE,False,2800,50000,2025-09-12,1,0.0,0.0,HydroMech_v1,1400,93.0,2,14,1,False,1200,False,19,SERVICE
Rake-08,2026-05-22,CLOSED,NONE,False,3000,50000,2025-09-13,0,0.0,0.0,ElectroBrake_v2,600,88.0,2,15,1,False,2200,False,19,SERVICE
Rake-09,2026-07-30,CLOSED,NONE,False,2600,50000,2025-09-11,2,0.0,0.0,HydroMech_v1,1600,95.0,2,13,2,False,800,False,19,SERVICE
Rake-10,2025-12-12,CLOSED,NONE,False,2800,50000,2025-09-13,1,0.0,0.0,ElectroBrake_v2,1600,92.0,0,14,1,False,1200,False,19,STANDBY
Rake-11,2026-02-28,CLOSED,NONE,True,2800,50000,2025-09-12,1,100.0,224.0,ElectroBrake_v2,800,88.0,0,14,1,False,2000,False,19,STANDBY
Rake-12,2026-08-01,CLOSED,NONE,False,2800,50000,2025-09-04,0,0.0,0.0,HydroMech_v1,1800,96.0,1,14,1,False,800,False,19,SERVICE
Rake-13,2026-04-10,CLOSED,NONE,False,2600,50000,2025-09-13,2,0.0,0.0,ElectroBrake_v2,2600,100.0,0,13,1,False,2600,False,19,MAINTENANCE
Rake-14,2025-10-10,CLOSED,NONE,False,2600,50000,2025-09-12,1,0.0,0.0,HydroMech_v1,1200,94.0,1,13,2,False,1200,False,19,SERVICE
Rake-15,2026-06-19,CLOSED,NONE,False,3000,50000,2025-09-10,0,0.0,0.0,ElectroBrake_v2,1400,93.0,1,15,1,False,1400,False,19,SERVICE
Rake-16,2027-01-01,CLOSED,NONE,False,2600,50000,2025-09-13,2,0.0,0.0,ElectroBrake_v2,2200,98.0,2,13,1,False,200,False,19,SERVICE
Rake-17,2026-09-05,CLOSED,NONE,True,2600,50000,2025-09-11,1,40.0,208.0,HydroMech_v1,1600,96.0,1,13,1,False,800,False,19,SERVICE
Rake-18,2026-11-20,CLOSED,NONE,False,3000,50000,2025-09-13,0,0.0,0.0,ElectroBrake_v2,1800,93.0,3,15,1,False,1000,False,19,SERVICE
Rake-19,2026-10-10,CLOSED,NONE,False,2400,50000,2025-09-06,1,0.0,0.0,HydroMech_v1,1800,94.0,0,12,3,False,600,False,19,STANDBY
Rake-20,2025-10-13,CLOSED,NONE,False,2600,50000,2025-09-12,2,0.0,0.0,ElectroBrake_v2,2600,100.0,0,13,1,False,2600,False,19,MAINTENANCE
Rake-21,2026-12-01,CLOSED,NONE,False,2800,50000,2025-09-13,1,0.0,0.0,ElectroBrake_v2,1000,89.0,0,14,1,False,1800,False,19,STANDBY
Rake-22,2026-04-15,CLOSED,NONE,False,2800,50000,2025-09-12,0,0.0,0.0,HydroMech_v1,1200,93.0,1,14,1,False,1400,False,19,SERVICE
Rake-23,2026-07-20,CLOSED,NONE,True,3000,50000,2025-09-11,2,120.0,240.0,ElectroBrake_v2,2800,100.0,1,15,2,False,0,False,19,SERVICE
Rake-24,2026-08-25,CLOSED,NONE,False,2800,50000,2025-09-10,1,0.0,0.0,HydroMech_v1,1400,93.0,2,14,1,False,1200,False,19,SERVICE
Rake-25,2026-01-30,CLOSED,NONE,False,3000,50000,2025-09-13,0,0.0,0.0,ElectroBrake_v2,2400,96.0,3,15,2,False,400,False,19,SERVICE
Rake-01,2026-10-20,CLOSED,NONE,False,3000,50000,2025-09-12,0,0.0,0.0,ElectroBrake_v2,2400,94.0,0,15,1,False,600,False,20,STANDBY
Rake-02,2025-10-12,CLOSED,NONE,False,3000,50000,2025-09-10,1,0.0,0.0,HydroMech_v1,2000,94.0,3,15,3,False,800,False,20,SERVICE
Rake-03,2026-01-15,CLOSED,NONE,False,2800,50000,2025-09-12,2,0.0,0.0,ElectroBrake_v2,2200,96.0,3,14,2,False,400,False,20,SERVICE
Rake-04,2025-11-05,CLOSED,NONE,True,3000,50000,2025-09-11,1,60.0,240.0,ElectroBrake_v2,3000,100.0,0,15,2,False,2400,False,20,MAINTENANCE
Rake-05,2026-09-15,CLOSED,NONE,True,2800,50000,2025-09-12,0,80.0,224.0,HydroMech_v1,2000,97.0,1,14,3,False,600,False,20,SERVICE
Rake-06,2026-03-18,CLOSED,NONE,False,2800,50000,2025-09-05,2,0.0,0.0,ElectroBrake_v2,2400,98.0,2,14,1,False,200,False,20,SERVICE
Rake-07,2025-10-13,CLOSED,NONE,False,2800,50000,2025-09-12,1,0.0,0.0,HydroMech_v1,1400,91.0,0,14,1,False,1400,False,20,STANDBY
Rake-08,2026-05-22,CLOSED,NONE,False,3000,50000,2025-09-13,0,0.0,0.0,ElectroBrake_v2,3000,100.0,0,15,2,False,2400,False,20,MAINTENANCE
Rake-09,2026-07-30,CLOSED,NONE,False,2800,50000,2025-09-11,2,0.0,0.0,HydroMech_v1,1600,93.0,3,14,2,False,1000,False,20,SERVICE
Rake-10,2025-12-12,CLOSED,NONE,False,3000,50000,2025-09-13,1,0.0,0.0,ElectroBrake_v2,1600,94.0,1,15,1,False,1200,False,20,SERVICE
Rake-11,2026-02-28,CLOSED,NONE,True,3000,50000,2025-09-12,1,100.0,240.0,ElectroBrake_v2,800,90.0,1,15,1,False,2000,False,20,SERVICE
Rake-12,2026-08-01,CLOSED,NONE,False,3000,50000,2025-09-04,0,0.0,0.0,HydroMech_v1,1800,94.0,2,15,1,False,1000,False,20,SERVICE
Rake-13,2026-04-10,CLOSED,NONE,False,2800,50000,2025-09-13,2,0.0,0.0,ElectroBrake_v2,2600,100.0,1,14,1,False,0,False,20,SERVICE
Rake-14,2025-10-10,CLOSED,NONE,False,2800,50000,2025-09-12,1,0.0,0.0,HydroMech_v1,1200,92.0,2,14,2,False,1400,False,20,SERVICE
Rake-15,2026-06-19,CLOSED,NONE,False,3200,50000,2025-09-10,0,0.0,0.0,ElectroBrake_v2,1400,91.0,2,16,1,False,1600,False,20,SERVICE
Rake-16,2027-01-01,CLOSED,NONE,False,2800,50000,2025-09-13,2,0.0,0.0,ElectroBrake_v2,2200,96.0,3,14,1,False,400,False,20,SERVICE
Rake-17,2026-09-05,CLOSED,NONE,True,2800,50000,2025-09-11,1,40.0,224.0,HydroMech_v1,1600,94.0,2,14,1,False,1000,False,20,SERVICE
Rake-18,2026-11-20,CLOSED,NONE,False,3000,50000,2025-09-13,0,0.0,0.0,ElectroBrake_v2,1800,91.0,0,15,1,False,1200,False,20,STANDBY
Rake-19,2026-10-10,CLOSED,NONE,False,2600,50000,2025-09-06,1,0.0,0.0,HydroMech_v1,1800,97.0,1,13,3,False,600,False,20,SERVICE
Rake-20,2025-10-13,CLOSED,NONE,False,2800,50000,2025-09-12,2,0.0,0.0,ElectroBrake_v2,2600,100.0,1,14,1,False,0,False,20,SERVICE
Rake-21,2026-12-01,CLOSED,NONE,False,3000,50000,2025-09-13,1,0.0,0.0,ElectroBrake_v2,1000,91.0,1,15,1,False,1800,False,20,SERVICE
Rake-22,2026-04-15,CLOSED,NONE,False,3000,50000,2025-09-12,0,0.0,0.0,HydroMech_v1,1200,91.0,2,15,1,False,1600,False,20,SERVICE
Rake-23,2026-07-20,CLOSED,NONE,True,3200,50000,2025-09-11,2,120.0,256.0,ElectroBrake_v2,2800,98.0,2,16,2,False,200,False,20,SERVICE
Rake-24,2026-08-25,CLOSED,NONE,False,2800,50000,2025-09-10,1,0.0,0.0,HydroMech_v1,1400,91.0,0,14,1,False,1400,False,20,STANDBY
Rake-25,2026-01-30,CLOSED,NONE,False,3000,50000,2025-09-13,0,0.0,0.0,ElectroBrake_v2,2400,94.0,0,15,2,False,600,False,20,STANDBY
Rake-01,2026-10-20,CLOSED,NONE,False,3200,50000,2025-09-12,0,0.0,0.0,ElectroBrake_v2,2400,97.0,1,16,1,False,600,False,21,SERVICE
Rake-02,2025-10-12,CLOSED,NONE,False,3000,50000,2025-09-10,1,0.0,0.0,HydroMech_v1,2000,92.0,0,15,3,False,1000,False,21,STANDBY
Rake-03,2026-01-15,CLOSED,NONE,False,2800,50000,2025-09-12,2,0.0,0.0,ElectroBrake_v2,2200,94.0,0,14,2,False,600,False,21,STANDBY
Rake-04,2025-11-05,CLOSED,NONE,True,3200,50000,2025-09-11,1,60.0,256.0,ElectroBrake_v2,3000,100.0,1,16,2,False,0,False,21,SERVICE
Rake-05,2026-09-15,CLOSED,NONE,True,3000,50000,2025-09-12,0,80.0,240.0,HydroMech_v1,2000,95.0,2,15,3,False,800,False,21,SERVICE
Rake-06,2026-03-18,CLOSED,NONE,False,2800,50000,2025-09-05,2,0.0,0.0,ElectroBrake_v2,2400,96.0,0,14,1,False,400,False,21,STANDBY
Rake-07,2025-10-13,CLOSED,NONE,False,3000,50000,2025-09-12,1,0.0,0.0,HydroMech_v1,1400,93.0,1,15,1,False,1400,False,21,SERVICE
Rake-08,2026-05-22,CLOSED,NONE,False,3200,50000,2025-09-13,0,0.0,0.0,ElectroBrake_v2,3000,100.0,1,16,2,False,0,False,21,SERVICE
Rake-09,2026-07-30,CLOSED,NONE,False,2800,50000,2025-09-11,2,0.0,0.0,HydroMech_v1,2800,100.0,0,14,3,False,1200,False,21,MAINTENANCE
Rake-10,2025-12-12,CLOSED,NONE,False,3200,50000,2025-09-13,1,0.0,0.0,ElectroBrake_v2,1600,92.0,2,16,1,False,1400,False,21,SERVICE
Rake-11,2026-02-28,CLOSED,NONE,True,3200,50000,2025-09-12,1,100.0,256.0,ElectroBrake_v2,800,88.0,2,16,1,False,2200,False,21,SERVICE
Rake-12,2026-08-01,CLOSED,NONE,False,3200,50000,2025-09-04,0,0.0,0.0,HydroMech_v1,1800,92.0,3,16,1,False,1200,False,21,SERVICE
Rake-13,2026-04-10,CLOSED,NONE,False,3000,50000,2025-09-13,2,0.0,0.0,ElectroBrake_v2,2600,98.0,2,15,1,False,200,False,21,SERVICE
Rake-14,2025-10-10,CLOSED,NONE,False,3000,50000,2025-09-12,1,0.0,0.0,HydroMech_v1,1200,90.0,3,15,2,False,1600,False,21,SERVICE
Rake-15,2026-06-19,CLOSED,NONE,False,3200,50000,2025-09-10,0,0.0,0.0,ElectroBrake_v2,3200,100.0,0,16,2,False,1800,False,21,MAINTENANCE
Rake-16,2027-01-01,CLOSED,NONE,False,2800,50000,2025-09-13,2,0.0,0.0,ElectroBrake_v2,2200,94.0,0,14,1,False,600,False,21,STANDBY
Rake-17,2026-09-05,CLOSED,NONE,True,3000,50000,2025-09-11,1,40.0,240.0,HydroMech_v1,1600,92.0,3,15,1,False,1200,False,21,SERVICE
Rake-18,2026-11-20,CLOSED,NONE,False,3200,50000,2025-09-13,0,0.0,0.0,ElectroBrake_v2,1800,94.0,1,16,1,False,1200,False,21,SERVICE
Rake-19,2026-10-10,CLOSED,NONE,False,2800,50000,2025-09-06,1,0.0,0.0,HydroMech_v1,1800,95.0,2,14,3,False,800,False,21,SERVICE
Rake-20,2025-10-13,CLOSED,NONE,False,3000,50000,2025-09-12,2,0.0,0.0,ElectroBrake_v2,2600,98.0,2,15,1,False,200,False,21,SERVICE
Rake-21,2026-12-01,CLOSED,NONE,False,3200,50000,2025-09-13,1,0.0,0.0,ElectroBrake_v2,1000,89.0,2,16,1,False,2000,False,21,SERVICE
Rake-22,2026-04-15,CLOSED,NONE,False,3200,50000,2025-09-12,0,0.0,0.0,HydroMech_v1,1200,89.0,3,16,1,False,1800,False,21,SERVICE
Rake-23,2026-07-20,CLOSED,NONE,True,3200,50000,2025-09-11,2,120.0,256.0,ElectroBrake_v2,2800,96.0,0,16,2,False,400,False,21,STANDBY
Rake-24,2026-08-25,CLOSED,NONE,False,3000,50000,2025-09-10,1,0.0,0.0,HydroMech_v1,1400,93.0,1,15,1,False,1400,False,21,SERVICE
Rake-25,2026-01-30,CLOSED,NONE,False,3200,50000,2025-09-13,0,0.0,0.0,ElectroBrake_v2,2400,97.0,1,16,2,False,600,False,21,SERVICE
Rake-01,2026-10-20,CLOSED,NONE,False,3400,50000,2025-09-12,0,0.0,0.0,ElectroBrake_v2,2400,95.0,2,17,1,False,800,False,22,SERVICE
Rake-02,2025-10-12,CLOSED,NONE,False,3200,50000,2025-09-10,1,0.0,0.0,HydroMech_v1,2000,95.0,1,16,3,False,1000,False,22,SERVICE
Rake-03,2026-01-15,CLOSED,NONE,False,3000,50000,2025-09-12,2,0.0,0.0,ElectroBrake_v2,2200,97.0,1,15,2,False,600,False,22,SERVICE
Rake-04,2025-11-05,CLOSED,NONE,True,3400,50000,2025-09-11,1,60.0,272.0,ElectroBrake_v2,3000,98.0,2,17,2,False,200,False,22,SERVICE
Rake-05,2026-09-15,CLOSED,NONE,True,3200,50000,2025-09-12,0,80.0,256.0,HydroMech_v1,2000,93.0,3,16,3,False,1000,False,22,SERVICE
Rake-06,2026-03-18,CLOSED,NONE,False,3000,50000,2025-09-05,2,0.0,0.0,ElectroBrake_v2,2400,98.0,1,15,1,False,400,False,22,SERVICE
Rake-07,2025-10-13,CLOSED,NONE,False,3200,50000,2025-09-12,1,0.0,0.0,HydroMech_v1,1400,91.0,2,16,1,False,1600,False,22,SERVICE
Rake-08,2026-05-22,CLOSED,NONE,False,3400,50000,2025-09-13,0,0.0,0.0,ElectroBrake_v2,3000,98.0,2,17,2,False,200,False,22,SERVICE
Rake-09,2026-07-30,CLOSED,NONE,False,3000,50000,2025-09-11,2,0.0,0.0,HydroMech_v1,2800,100.0,1,15,3,False,0,False,22,SERVICE
Rake-10,2025-12-12,CLOSED,NONE,False,3400,50000,2025-09-13,1,0.0,0.0,ElectroBrake_v2,1600,90.0,3,17,1,False,1600,False,22,SERVICE
Rake-11,2026-02-28,CLOSED,NONE,True,3200,50000,2025-09-12,1,100.0,256.0,ElectroBrake_v2,3200,100.0,0,16,2,False,2400,False,22,MAINTENANCE
Rake-12,2026-08-01,CLOSED,NONE,False,3200,50000,2025-09-04,0,0.0,0.0,HydroMech_v1,1800,90.0,0,16,1,False,1400,False,22,STANDBY
Rake-13,2026-04-10,CLOSED,NONE,False,3200,50000,2025-09-13,2,0.0,0.0,ElectroBrake_v2,2600,96.0,3,16,1,False,400,False,22,SERVICE
Rake-14,2025-10-10,CLOSED,NONE,False,3000,50000,2025-09-12,1,0.0,0.0,HydroMech_v1,1200,88.0,0,15,2,False,1800,False,22,STANDBY
Rake-15,2026-06-19,CLOSED,NONE,False,3400,50000,2025-09-10,0,0.0,0.0,ElectroBrake_v2,3200,100.0,1,17,2,False,0,False,22,SERVICE
Rake-16,2027-01-01,CLOSED,NONE,False,3000,50000,2025-09-13,2,0.0,0.0,ElectroBrake_v2,2200,97.0,1,15,1,False,600,False,22,SERVICE
Rake-17,2026-09-05,CLOSED,NONE,True,3000,50000,2025-09-11,1,40.0,240.0,HydroMech_v1,1600,90.0,0,15,1,False,1400,False,22,STANDBY
Rake-18,2026-11-20,CLOSED,NONE,False,3400,50000,2025-09-13,0,0.0,0.0,ElectroBrake_v2,1800,92.0,2,17,1,False,1400,False,22,SERVICE
Rake-19,2026-10-10,CLOSED,NONE,False,3000,50000,2025-09-06,1,0.0,0.0,HydroMech_v1,1800,93.0,3,15,3,False,1000,False,22,SERVICE
Rake-20,2025-10-13,CLOSED,NONE,False,3200,50000,2025-09-12,2,0.0,0.0,ElectroBrake_v2,2600,96.0,3,16,1,False,400,False,22,SERVICE
Rake-21,2026-12-01,CLOSED,NONE,False,3400,50000,2025-09-13,1,0.0,0.0,ElectroBrake_v2,1000,87.0,3,17,1,False,2200,False,22,SERVICE
Rake-22,2026-04-15,CLOSED,NONE,False,3200,50000,2025-09-12,0,0.0,0.0,HydroMech_v1,1200,87.0,0,16,1,False,2000,False,22,STANDBY
Rake-23,2026-07-20,CLOSED,NONE,True,3400,50000,2025-09-11,2,120.0,272.0,ElectroBrake_v2,2800,98.0,1,17,2,False,400,False,22,SERVICE
Rake-24,2026-08-25,CLOSED,NONE,False,3200,50000,2025-09-10,1,0.0,0.0,HydroMech_v1,1400,91.0,2,16,1,False,1600,False,22,SERVICE
Rake-25,2026-01-30,CLOSED,NONE,False,3400,50000,2025-09-13,0,0.0,0.0,ElectroBrake_v2,2400,95.0,2,17,2,False,800,False,22,SERVICE
Rake-01,2026-10-20,CLOSED,NONE,False,3600,50000,2025-09-12,0,0.0,0.0,ElectroBrake_v2,2400,93.0,3,18,1,False,1000,False,23,SERVICE
Rake-02,2025-10-12,CLOSED,NONE,False,3400,50000,2025-09-10,1,0.0,0.0,HydroMech_v1,2000,93.0,2,17,3,False,1200,False,23,SERVICE
Rake-03,2026-01-15,CLOSED,NONE,False,3200,50000,2025-09-12,2,0.0,0.0,ElectroBrake_v2,2200,95.0,2,16,2,False,800,False,23,SERVICE
Rake-04,2025-11-05,CLOSED,NONE,True,3400,50000,2025-09-11,1,60.0,272.0,ElectroBrake_v2,3000,96.0,0,17,2,False,400,False,23,STANDBY
Rake-05,2026-09-15,CLOSED,NONE,True,3200,50000,2025-09-12,0,80.0,256.0,HydroMech_v1,2000,91.0,0,16,3,False,1200,False,23,STANDBY
Rake-06,2026-03-18,CLOSED,NONE,False,3200,50000,2025-09-05,2,0.0,0.0,ElectroBrake_v2,2400,96.0,2,16,1,False,600,False,23,SERVICE
Rake-07,2025-10-13,CLOSED,NONE,False,3400,50000,2025-09-12,1,0.0,0.0,HydroMech_v1,1400,89.0,3,17,1,False,1800,False,23,SERVICE
Rake-08,2026-05-22,CLOSED,NONE,False,3600,50000,2025-09-13,0,0.0,0.0,ElectroBrake_v2,3000,96.0,3,18,2,False,400,False,23,SERVICE
Rake-09,2026-07-30,CLOSED,NONE,False,3200,50000,2025-09-11,2,0.0,0.0,HydroMech_v1,2800,98.0,2,16,3,False,200,False,23,SERVICE
Rake-10,2025-12-12,CLOSED,NONE,False,3400,50000,2025-09-13,1,0.0,0.0,ElectroBrake_v2,3400,100.0,0,17,2,False,1800,False,23,MAINTENANCE
Rake-11,2026-02-28,CLOSED,NONE,True,3400,50000,2025-09-12,1,100.0,272.0,ElectroBrake_v2,3200,100.0,1,17,2,False,0,False,23,SERVICE
Rake-12,2026-08-01,CLOSED,NONE,False,3400,50000,2025-09-04,0,0.0,0.0,HydroMech_v1,1800,93.0,1,17,1,False,1400,False,23,SERVICE
Rake-13,2026-04-10,CLOSED,NONE,False,3200,50000,2025-09-13,2,0.0,0.0,ElectroBrake_v2,2600,94.0,0,16,1,False,600,False,23,STANDBY
Rake-14,2025-10-10,CLOSED,NONE,False,3200,50000,2025-09-12,1,0.0,0.0,HydroMech_v1,1200,91.0,1,16,2,False,1800,False,23,SERVICE
Rake-15,2026-06-19,CLOSED,NONE,False,3600,50000,2025-09-10,0,0.0,0.0,ElectroBrake_v2,3200,98.0,2,18,2,False,200,False,23,SERVICE
Rake-16,2027-01-01,CLOSED,NONE,False,3200,50000,2025-09-13,2,0.0,0.0,ElectroBrake_v2,2200,95.0,2,16,1,False,800,False,23,SERVICE
Rake-17,2026-09-05,CLOSED,NONE,True,3200,50000,2025-09-11,1,40.0,256.0,HydroMech_v1,1600,93.0,1,16,1,False,1400,False,23,SERVICE
Rake-18,2026-11-20,CLOSED,NONE,False,3600,50000,2025-09-13,0,0.0,0.0,ElectroBrake_v2,1800,90.0,3,18,1,False,1600,False,23,SERVICE
Rake-19,2026-10-10,CLOSED,NONE,False,3000,50000,2025-09-06,1,0.0,0.0,HydroMech_v1,1800,91.0,0,15,3,False,1200,False,23,STANDBY
Rake-20,2025-10-13,CLOSED,NONE,False,3200,50000,2025-09-12,2,0.0,0.0,ElectroBrake_v2,2600,94.0,0,16,1,False,600,False,23,STANDBY
Rake-21,2026-12-01,CLOSED,NONE,False,3400,50000,2025-09-13,1,0.0,0.0,ElectroBrake_v2,3400,100.0,0,17,2,False,2400,False,23,MAINTENANCE
Rake-22,2026-04-15,CLOSED,NONE,False,3400,50000,2025-09-12,0,0.0,0.0,HydroMech_v1,1200,90.0,1,17,1,False,2000,False,23,SERVICE
Rake-23,2026-07-20,CLOSED,NONE,True,3600,50000,2025-09-11,2,120.0,288.0,ElectroBrake_v2,2800,96.0,2,18,2,False,600,False,23,SERVICE
Rake-24,2026-08-25,CLOSED,NONE,False,3400,50000,2025-09-10,1,0.0,0.0,HydroMech_v1,1400,89.0,3,17,1,False,1800,False,23,SERVICE
Rake-25,2026-01-30,CLOSED,NONE,False,3600,50000,2025-09-13,0,0.0,0.0,ElectroBrake_v2,2400,93.0,3,18,2,False,1000,False,23,SERVICE
Rake-01,2026-10-20,CLOSED,NONE,False,3600,50000,2025-09-12,0,0.0,0.0,ElectroBrake_v2,2400,91.0,0,18,1,False,1200,False,24,STANDBY
Rake-02,2025-10-12,CLOSED,NONE,False,3600,50000,2025-09-10,1,0.0,0.0,HydroMech_v1,2000,91.0,3,18,3,False,1400,False,24,SERVICE
Rake-03,2026-01-15,CLOSED,NONE,False,3400,50000,2025-09-12,2,0.0,0.0,ElectroBrake_v2,2200,93.0,3,17,2,False,1000,False,24,SERVICE
Rake-04,2025-11-05,CLOSED,NONE,True,3600,50000,2025-09-11,1,60.0,288.0,ElectroBrake_v2,3000,98.0,1,18,2,False,400,False,24,SERVICE
Rake-05,2026-09-15,CLOSED,NONE,True,3400,50000,2025-09-12,0,80.0,272.0,HydroMech_v1,2000,94.0,1,17,3,False,1200,False,24,SERVICE
Rake-06,2026-03-18,CLOSED,NONE,False,3400,50000,2025-09-05,2,0.0,0.0,ElectroBrake_v2,2400,94.0,3,17,1,False,800,False,24,SERVICE
Rake-07,2025-10-13,CLOSED,NONE,False,3400,50000,2025-09-12,1,0.0,0.0,HydroMech_v1,3400,100.0,0,17,2,False,2000,False,24,MAINTENANCE
Rake-08,2026-05-22,CLOSED,NONE,False,3600,50000,2025-09-13,0,0.0,0.0,ElectroBrake_v2,3000,94.0,0,18,2,False,600,False,24,STANDBY
Rake-09,2026-07-30,CLOSED,NONE,False,3400,50000,2025-09-11,2,0.0,0.0,HydroMech_v1,2800,96.0,3,17,3,False,400,False,24,SERVICE
Rake-10,2025-12-12,CLOSED,NONE,False,3600,50000,2025-09-13,1,0.0,0.0,ElectroBrake_v2,3400,100.0,1,18,2,False,0,False,24,SERVICE
Rake-11,2026-02-28,CLOSED,NONE,True,3600,50000,2025-09-12,1,100.0,288.0,ElectroBrake_v2,3200,98.0,2,18,2,False,200,False,24,SERVICE
Rake-12,2026-08-01,CLOSED,NONE,False,3600,50000,2025-09-04,0,0.0,0.0,HydroMech_v1,1800,91.0,2,18,1,False,1600,False,24,SERVICE
Rake-13,2026-04-10,CLOSED,NONE,False,3400,50000,2025-09-13,2,0.0,0.0,ElectroBrake_v2,2600,97.0,1,17,1,False,600,False,24,SERVICE
Rake-14,2025-10-10,CLOSED,NONE,False,3400,50000,2025-09-12,1,0.0,0.0,HydroMech_v1,1200,89.0,2,17,2,False,2000,False,24,SERVICE
Rake-15,2026-06-19,CLOSED,NONE,False,3800,50000,2025-09-10,0,0.0,0.0,ElectroBrake_v2,3200,96.0,3,19,2,False,400,False,24,SERVICE
Rake-16,2027-01-01,CLOSED,NONE,False,3400,50000,2025-09-13,2,0.0,0.0,ElectroBrake_v2,2200,93.0,3,17,1,False,1000,False,24,SERVICE
Rake-17,2026-09-05,CLOSED,NONE,True,3400,50000,2025-09-11,1,40.0,272.0,HydroMech_v1,1600,91.0,2,17,1,False,1600,False,24,SERVICE
Rake-18,2026-11-20,CLOSED,NONE,False,3600,50000,2025-09-13,0,0.0,0.0,ElectroBrake_v2,1800,88.0,0,18,1,False,1800,False,24,STANDBY
Rake-19,2026-10-10,CLOSED,NONE,False,3200,50000,2025-09-06,1,0.0,0.0,HydroMech_v1,1800,94.0,1,16,3,False,1200,False,24,SERVICE
Rake-20,2025-10-13,CLOSED,NONE,False,3400,50000,2025-09-12,2,0.0,0.0,ElectroBrake_v2,2600,97.0,1,17,1,False,600,False,24,SERVICE
Rake-21,2026-12-01,CLOSED,NONE,False,3600,50000,2025-09-13,1,0.0,0.0,ElectroBrake_v2,3400,100.0,1,18,2,False,0,False,24,SERVICE
Rake-22,2026-04-15,CLOSED,NONE,False,3600,50000,2025-09-12,0,0.0,0.0,HydroMech_v1,1200,88.0,2,18,1,False,2200,False,24,SERVICE
Rake-23,2026-07-20,CLOSED,NONE,True,3600,50000,2025-09-11,2,120.0,288.0,ElectroBrake_v2,2800,94.0,0,18,2,False,800,False,24,STANDBY
Rake-24,2026-08-25,CLOSED,NONE,False,3400,50000,2025-09-10,1,0.0,0.0,HydroMech_v1,3400,100.0,0,17,2,False,2000,False,24,MAINTENANCE
Rake-25,2026-01-30,CLOSED,NONE,False,3600,50000,2025-09-13,0,0.0,0.0,ElectroBrake_v2,2400,91.0,0,18,2,False,1200,False,24,STANDBY
Rake-01,2026-10-20,CLOSED,NONE,False,3800,50000,2025-09-12,0,0.0,0.0,ElectroBrake_v2,2400,94.0,1,19,1,False,1200,False,25,SERVICE
Rake-02,2025-10-12,CLOSED,NONE,False,3600,50000,2025-09-10,1,0.0,0.0,HydroMech_v1,3600,100.0,0,18,4,False,1600,False,25,MAINTENANCE
Rake-03,2026-01-15,CLOSED,NONE,False,3400,50000,2025-09-12,2,0.0,0.0,ElectroBrake_v2,3400,100.0,0,17,3,False,1200,False,25,MAINTENANCE
Rake-04,2025-11-05,CLOSED,NONE,True,3800,50000,2025-09-11,1,60.0,304.0,ElectroBrake_v2,3000,96.0,2,19,2,False,600,False,25,SERVICE
Rake-05,2026-09-15,CLOSED,NONE,True,3600,50000,2025-09-12,0,80.0,288.0,HydroMech_v1,2000,92.0,2,18,3,False,1400,False,25,SERVICE
Rake-06,2026-03-18,CLOSED,NONE,False,3400,50000,2025-09-05,2,0.0,0.0,ElectroBrake_v2,2400,92.0,0,17,1,False,1000,False,25,STANDBY
Rake-07,2025-10-13,CLOSED,NONE,False,3600,50000,2025-09-12,1,0.0,0.0,HydroMech_v1,3400,100.0,1,18,2,False,0,False,25,SERVICE
Rake-08,2026-05-22,CLOSED,NONE,False,3800,50000,2025-09-13,0,0.0,0.0,ElectroBrake_v2,3000,97.0,1,19,2,False,600,False,25,SERVICE
Rake-09,2026-07-30,CLOSED,NONE,False,3400,50000,2025-09-11,2,0.0,0.0,HydroMech_v1,2800,94.0,0,17,3,False,600,False,25,STANDBY
Rake-10,2025-12-12,CLOSED,NONE,False,3800,50000,2025-09-13,1,0.0,0.0,ElectroBrake_v2,3400,98.0,2,19,2,False,200,False,25,SERVICE
Rake-11,2026-02-28,CLOSED,NONE,True,3600,50000,2025-09-12,1,100.0,288.0,ElectroBrake_v2,3200,96.0,0,18,2,False,400,False,25,STANDBY
Rake-12,2026-08-01,CLOSED,NONE,False,3800,50000,2025-09-04,0,0.0,0.0,HydroMech_v1,1800,89.0,3,19,1,False,1800,False,25,SERVICE
Rake-13,2026-04-10,CLOSED,NONE,False,3600,50000,2025-09-13,2,0.0,0.0,ElectroBrake_v2,2600,95.0,2,18,1,False,800,False,25,SERVICE
Rake-14,2025-10-10,CLOSED,NONE,False,3600,50000,2025-09-12,1,0.0,0.0,HydroMech_v1,1200,87.0,3,18,2,False,2200,False,25,SERVICE
Rake-15,2026-06-19,CLOSED,NONE,False,3800,50000,2025-09-10,0,0.0,0.0,ElectroBrake_v2,3200,94.0,0,19,2,False,600,False,25,STANDBY
Rake-16,2027-01-01,CLOSED,NONE,False,3400,50000,2025-09-13,2,0.0,0.0,ElectroBrake_v2,2200,91.0,0,17,1,False,1200,False,25,STANDBY
Rake-17,2026-09-05,CLOSED,NONE,True,3600,50000,2025-09-11,1,40.0,288.0,HydroMech_v1,1600,89.0,3,18,1,False,1800,False,25,SERVICE
Rake-18,2026-11-20,CLOSED,NONE,False,3800,50000,2025-09-13,0,0.0,0.0,ElectroBrake_v2,1800,91.0,1,19,1,False,1800,False,25,SERVICE
Rake-19,2026-10-10,CLOSED,NONE,False,3400,50000,2025-09-06,1,0.0,0.0,HydroMech_v1,1800,92.0,2,17,3,False,1400,False,25,SERVICE
Rake-20,2025-10-13,CLOSED,NONE,False,3600,50000,2025-09-12,2,0.0,0.0,ElectroBrake_v2,2600,95.0,2,18,1,False,800,False,25,SERVICE
Rake-21,2026-12-01,CLOSED,NONE,False,3800,50000,2025-09-13,1,0.0,0.0,ElectroBrake_v2,3400,98.0,2,19,2,False,200,False,25,SERVICE
Rake-22,2026-04-15,CLOSED,NONE,False,3800,50000,2025-09-12,0,0.0,0.0,HydroMech_v1,1200,86.0,3,19,1,False,2400,False,25,SERVICE
Rake-23,2026-07-20,CLOSED,NONE,True,3800,50000,2025-09-11,2,120.0,304.0,ElectroBrake_v2,2800,96.0,1,19,2,False,800,False,25,SERVICE
Rake-24,2026-08-25,CLOSED,NONE,False,3600,50000,2025-09-10,1,0.0,0.0,HydroMech_v1,3400,100.0,1,18,2,False,0,False,25,SERVICE
Rake-25,2026-01-30,CLOSED,NONE,False,3800,50000,2025-09-13,0,0.0,0.0,ElectroBrake_v2,2400,94.0,1,19,2,False,1200,False,25,SERVICE
Rake-01,2026-10-20,CLOSED,NONE,False,4000,50000,2025-09-12,0,0.0,0.0,ElectroBrake_v2,2400,92.0,2,20,1,False,1400,False,26,SERVICE
Rake-02,2025-10-12,CLOSED,NONE,False,3800,50000,2025-09-10,1,0.0,0.0,HydroMech_v1,3600,100.0,1,19,4,False,0,False,26,SERVICE
Rake-03,2026-01-15,CLOSED,NONE,False,3600,50000,2025-09-12,2,0.0,0.0,ElectroBrake_v2,3400,100.0,1,18,3,False,0,False,26,SERVICE
Rake-04,2025-11-05,CLOSED,NONE,True,3800,50000,2025-09-11,1,60.0,304.0,ElectroBrake_v2,3000,94.0,0,19,2,False,800,False,26,STANDBY
Rake-05,2026-09-15,CLOSED,NONE,True,3800,50000,2025-09-12,0,80.0,304.0,HydroMech_v1,2000,90.0,3,19,3,False,1600,False,26,SERVICE
Rake-06,2026-03-18,CLOSED,NONE,False,3600,50000,2025-09-05,2,0.0,0.0,ElectroBrake_v2,2400,95.0,1,18,1,False,1000,False,26,SERVICE
Rake-07,2025-10-13,CLOSED,NONE,False,3800,50000,2025-09-12,1,0.0,0.0,HydroMech_v1,3400,98.0,2,19,2,False,200,False,26,SERVICE
Rake-08,2026-05-22,CLOSED,NONE,False,4000,50000,2025-09-13,0,0.0,0.0,ElectroBrake_v2,3000,95.0,2,20,2,False,800,False,26,SERVICE
Rake-09,2026-07-30,CLOSED,NONE,False,3600,50000,2025-09-11,2,0.0,0.0,HydroMech_v1,2800,97.0,1,18,3,False,600,False,26,SERVICE
Rake-10,2025-12-12,CLOSED,NONE,False,3800,50000,2025-09-13,1,0.0,0.0,ElectroBrake_v2,3400,96.0,0,19,2,False,400,False,26,STANDBY
Rake-11,2026-02-28,CLOSED,NONE,True,3800,50000,2025-09-12,1,100.0,304.0,ElectroBrake_v2,3200,98.0,1,19,2,False,400,False,26,SERVICE
Rake-12,2026-08-01,CLOSED,NONE,False,3800,50000,2025-09-04,0,0.0,0.0,HydroMech_v1,1800,87.0,0,19,1,False,2000,False,26,STANDBY
Rake-13,2026-04-10,CLOSED,NONE,False,3800,50000,2025-09-13,2,0.0,0.0,ElectroBrake_v2,2600,93.0,3,19,1,False,1000,False,26,SERVICE
Rake-14,2025-10-10,CLOSED,NONE,False,3600,50000,2025-09-12,1,0.0,0.0,HydroMech_v1,3600,100.0,0,18,3,False,2400,False,26,MAINTENANCE
Rake-15,2026-06-19,CLOSED,NONE,False,4000,50000,2025-09-10,0,0.0,0.0,ElectroBrake_v2,3200,97.0,1,20,2,False,600,False,26,SERVICE
Rake-16,2027-01-01,CLOSED,NONE,False,3600,50000,2025-09-13,2,0.0,0.0,ElectroBrake_v2,2200,94.0,1,18,1,False,1200,False,26,SERVICE
Rake-17,2026-09-05,CLOSED,NONE,True,3600,50000,2025-09-11,1,40.0,288.0,HydroMech_v1,1600,87.0,0,18,1,False,2000,False,26,STANDBY
Rake-18,2026-11-20,CLOSED,NONE,False,4000,50000,2025-09-13,0,0.0,0.0,ElectroBrake_v2,1800,89.0,2,20,1,False,2000,False,26,SERVICE
Rake-19,2026-10-10,CLOSED,NONE,False,3600,50000,2025-09-06,1,0.0,0.0,HydroMech_v1,1800,90.0,3,18,3,False,1600,False,26,SERVICE
Rake-20,2025-10-13,CLOSED,NONE,False,3800,50000,2025-09-12,2,0.0,0.0,ElectroBrake_v2,2600,93.0,3,19,1,False,1000,False,26,SERVICE
Rake-21,2026-12-01,CLOSED,NONE,False,3800,50000,2025-09-13,1,0.0,0.0,ElectroBrake_v2,3400,96.0,0,19,2,False,400,False,26,STANDBY
Rake-22,2026-04-15,CLOSED,NONE,False,3800,50000,2025-09-12,0,0.0,0.0,HydroMech_v1,3800,100.0,0,19,2,False,2600,False,26,MAINTENANCE
Rake-23,2026-07-20,CLOSED,NONE,True,4000,50000,2025-09-11,2,120.0,320.0,ElectroBrake_v2,2800,94.0,2,20,2,False,1000,False,26,SERVICE
Rake-24,2026-08-25,CLOSED,NONE,False,3800,50000,2025-09-10,1,0.0,0.0,HydroMech_v1,3400,98.0,2,19,2,False,200,False,26,SERVICE
Rake-25,2026-01-30,CLOSED,NONE,False,4000,50000,2025-09-13,0,0.0,0.0,ElectroBrake_v2,2400,92.0,2,20,2,False,1400,False,26,SERVICE
Rake-01,2026-10-20,CLOSED,NONE,False,4000,50000,2025-09-12,0,0.0,0.0,ElectroBrake_v2,2400,90.0,0,20,1,False,1600,False,27,STANDBY
Rake-02,2025-10-12,CLOSED,NONE,False,4000,50000,2025-09-10,1,0.0,0.0,HydroMech_v1,3600,98.0,2,20,4,False,200,False,27,SERVICE
Rake-03,2026-01-15,CLOSED,NONE,False,3800,50000,2025-09-12,2,0.0,0.0,ElectroBrake_v2,3400,98.0,2,19,3,False,200,False,27,SERVICE
Rake-04,2025-11-05,CLOSED,NONE,True,4000,50000,2025-09-11,1,60.0,320.0,ElectroBrake_v2,3000,96.0,1,20,2,False,800,False,27,SERVICE
Rake-05,2026-09-15,CLOSED,NONE,True,3800,50000,2025-09-12,0,80.0,304.0,HydroMech_v1,3800,100.0,0,19,4,False,1800,False,27,MAINTENANCE
Rake-06,2026-03-18,CLOSED,NONE,False,3800,50000,2025-09-05,2,0.0,0.0,ElectroBrake_v2,2400,93.0,2,19,1,False,1200,False,27,SERVICE
Rake-07,2025-10-13,CLOSED,NONE,False,4000,50000,2025-09-12,1,0.0,0.0,HydroMech_v1,3400,96.0,3,20,2,False,400,False,27,SERVICE
Rake-08,2026-05-22,CLOSED,NONE,False,4200,50000,2025-09-13,0,0.0,0.0,ElectroBrake_v2,3000,93.0,3,21,2,False,1000,False,27,SERVICE
Rake-09,2026-07-30,CLOSED,NONE,False,3800,50000,2025-09-11,2,0.0,0.0,HydroMech_v1,2800,95.0,2,19,3,False,800,False,27,SERVICE
Rake-10,2025-12-12,CLOSED,NONE,False,4000,50000,2025-09-13,1,0.0,0.0,ElectroBrake_v2,3400,98.0,1,20,2,False,400,False,27,SERVICE
Rake-11,2026-02-28,CLOSED,NONE,True,4000,50000,2025-09-12,1,100.0,320.0,ElectroBrake_v2,3200,96.0,2,20,2,False,600,False,27,SERVICE
Rake-12,2026-08-01,CLOSED,NONE,False,4000,50000,2025-09-04,0,0.0,0.0,HydroMech_v1,1800,90.0,1,20,1,False,2000,False,27,SERVICE
Rake-13,2026-04-10,CLOSED,NONE,False,3800,50000,2025-09-13,2,0.0,0.0,ElectroBrake_v2,2600,91.0,0,19,1,False,1200,False,27,STANDBY
Rake-14,2025-10-10,CLOSED,NONE,False,3800,50000,2025-09-12,1,0.0,0.0,HydroMech_v1,3600,100.0,1,19,3,False,0,False,27,SERVICE
Rake-15,2026-06-19,CLOSED,NONE,False,4200,50000,2025-09-10,0,0.0,0.0,ElectroBrake_v2,3200,95.0,2,21,2,False,800,False,27,SERVICE
Rake-16,2027-01-01,CLOSED,NONE,False,3800,50000,2025-09-13,2,0.0,0.0,ElectroBrake_v2,2200,92.0,2,19,1,False,1400,False,27,SERVICE
Rake-17,2026-09-05,CLOSED,NONE,True,3800,50000,2025-09-11,1,40.0,304.0,HydroMech_v1,1600,90.0,1,19,1,False,2000,False,27,SERVICE
Rake-18,2026-11-20,CLOSED,NONE,False,4000,50000,2025-09-13,0,0.0,0.0,ElectroBrake_v2,4000,100.0,0,20,2,False,2200,False,27,MAINTENANCE
Rake-19,2026-10-10,CLOSED,NONE,False,3600,50000,2025-09-06,1,0.0,0.0,HydroMech_v1,1800,88.0,0,18,3,False,1800,False,27,STANDBY
Rake-20,2025-10-13,CLOSED,NONE,False,3800,50000,2025-09-12,2,0.0,0.0,ElectroBrake_v2,2600,91.0,0,19,1,False,1200,False,27,STANDBY
Rake-21,2026-12-01,CLOSED,NONE,False,4000,50000,2025-09-13,1,0.0,0.0,ElectroBrake_v2,3400,98.0,1,20,2,False,400,False,27,SERVICE
Rake-22,2026-04-15,CLOSED,NONE,False,4000,50000,2025-09-12,0,0.0,0.0,HydroMech_v1,3800,100.0,1,20,2,False,0,False,27,SERVICE
Rake-23,2026-07-20,CLOSED,NONE,True,4000,50000,2025-09-11,2,120.0,320.0,ElectroBrake_v2,2800,92.0,0,20,2,False,1200,False,27,STANDBY
Rake-24,2026-08-25,CLOSED,NONE,False,4000,50000,2025-09-10,1,0.0,0.0,HydroMech_v1,3400,96.0,3,20,2,False,400,False,27,SERVICE
Rake-25,2026-01-30,CLOSED,NONE,False,4200,50000,2025-09-13,0,0.0,0.0,ElectroBrake_v2,2400,90.0,3,21,2,False,1600,False,27,SERVICE
Rake-01,2026-10-20,CLOSED,NONE,False,4200,50000,2025-09-12,0,0.0,0.0,ElectroBrake_v2,2400,92.0,1,21,1,False,1600,False,28,SERVICE
Rake-02,2025-10-12,CLOSED,NONE,False,4000,50000,2025-09-10,1,0.0,0.0,HydroMech_v1,3600,96.0,0,20,4,False,400,False,28,STANDBY
Rake-03,2026-01-15,CLOSED,NONE,False,4000,50000,2025-09-12,2,0.0,0.0,ElectroBrake_v2,3400,96.0,3,20,3,False,400,False,28,SERVICE
Rake-04,2025-11-05,CLOSED,NONE,True,4200,50000,2025-09-11,1,60.0,336.0,ElectroBrake_v2,3000,94.0,2,21,2,False,1000,False,28,SERVICE
Rake-05,2026-09-15,CLOSED,NONE,True,4000,50000,2025-09-12,0,80.0,320.0,HydroMech_v1,3800,100.0,1,20,4,False,0,False,28,SERVICE
Rake-06,2026-03-18,CLOSED,NONE,False,4000,50000,2025-09-05,2,0.0,0.0,ElectroBrake_v2,2400,91.0,3,20,1,False,1400,False,28,SERVICE
Rake-07,2025-10-13,CLOSED,NONE,False,4000,50000,2025-09-12,1,0.0,0.0,HydroMech_v1,3400,94.0,0,20,2,False,600,False,28,STANDBY
Rake-08,2026-05-22,CLOSED,NONE,False,4200,50000,2025-09-13,0,0.0,0.0,ElectroBrake_v2,4200,100.0,0,21,3,False,1200,False,28,MAINTENANCE
Rake-09,2026-07-30,CLOSED,NONE,False,4000,50000,2025-09-11,2,0.0,0.0,HydroMech_v1,2800,93.0,3,20,3,False,1000,False,28,SERVICE
Rake-10,2025-12-12,CLOSED,NONE,False,4200,50000,2025-09-13,1,0.0,0.0,ElectroBrake_v2,3400,96.0,2,21,2,False,600,False,28,SERVICE
Rake-11,2026-02-28,CLOSED,NONE,True,4000,50000,2025-09-12,1,100.0,320.0,ElectroBrake_v2,3200,94.0,0,20,2,False,800,False,28,STANDBY
Rake-12,2026-08-01,CLOSED,NONE,False,4200,50000,2025-09-04,0,0.0,0.0,HydroMech_v1,1800,88.0,2,21,1,False,2200,False,28,SERVICE
Rake-13,2026-04-10,CLOSED,NONE,False,4000,50000,2025-09-13,2,0.0,0.0,ElectroBrake_v2,2600,94.0,1,20,1,False,1200,False,28,SERVICE
Rake-14,2025-10-10,CLOSED,NONE,False,4000,50000,2025-09-12,1,0.0,0.0,HydroMech_v1,3600,98.0,2,20,3,False,200,False,28,SERVICE
Rake-15,2026-06-19,CLOSED,NONE,False,4200,50000,2025-09-10,0,0.0,0.0,ElectroBrake_v2,3200,93.0,0,21,2,False,1000,False,28,STANDBY
Rake-16,2027-01-01,CLOSED,NONE,False,4000,50000,2025-09-13,2,0.0,0.0,ElectroBrake_v2,2200,90.0,3,20,1,False,1600,False,28,SERVICE
Rake-17,2026-09-05,CLOSED,NONE,True,4000,50000,2025-09-11,1,40.0,320.0,HydroMech_v1,1600,88.0,2,20,1,False,2200,False,28,SERVICE
Rake-18,2026-11-20,CLOSED,NONE,False,4200,50000,2025-09-13,0,0.0,0.0,ElectroBrake_v2,4000,100.0,1,21,2,False,0,False,28,SERVICE
Rake-19,2026-10-10,CLOSED,NONE,False,3800,50000,2025-09-06,1,0.0,0.0,HydroMech_v1,1800,91.0,1,19,3,False,1800,False,28,SERVICE
Rake-20,2025-10-13,CLOSED,NONE,False,4000,50000,2025-09-12,2,0.0,0.0,ElectroBrake_v2,2600,94.0,1,20,1,False,1200,False,28,SERVICE
Rake-21,2026-12-01,CLOSED,NONE,False,4200,50000,2025-09-13,1,0.0,0.0,ElectroBrake_v2,3400,96.0,2,21,2,False,600,False,28,SERVICE
Rake-22,2026-04-15,CLOSED,NONE,False,4200,50000,2025-09-12,0,0.0,0.0,HydroMech_v1,3800,98.0,2,21,2,False,200,False,28,SERVICE
Rake-23,2026-07-20,CLOSED,NONE,True,4200,50000,2025-09-11,2,120.0,336.0,ElectroBrake_v2,2800,94.0,1,21,2,False,1200,False,28,SERVICE
Rake-24,2026-08-25,CLOSED,NONE,False,4000,50000,2025-09-10,1,0.0,0.0,HydroMech_v1,3400,94.0,0,20,2,False,600,False,28,STANDBY
Rake-25,2026-01-30,CLOSED,NONE,False,4200,50000,2025-09-13,0,0.0,0.0,ElectroBrake_v2,4200,100.0,0,21,3,False,1800,False,28,MAINTENANCE
Rake-01,2026-10-20,CLOSED,NONE,False,4400,50000,2025-09-12,0,0.0,0.0,ElectroBrake_v2,2400,90.0,2,22,1,False,1800,False,29,SERVICE
Rake-02,2025-10-12,CLOSED,NONE,False,4200,50000,2025-09-10,1,0.0,0.0,HydroMech_v1,3600,98.0,1,21,4,False,400,False,29,SERVICE
Rake-03,2026-01-15,CLOSED,NONE,False,4000,50000,2025-09-12,2,0.0,0.0,ElectroBrake_v2,3400,94.0,0,20,3,False,600,False,29,STANDBY
Rake-04,2025-11-05,CLOSED,NONE,True,4200,50000,2025-09-11,1,60.0,336.0,ElectroBrake_v2,3000,92.0,0,21,2,False,1200,False,29,STANDBY
Rake-05,2026-09-15,CLOSED,NONE,True,4200,50000,2025-09-12,0,80.0,336.0,HydroMech_v1,3800,98.0,2,21,4,False,200,False,29,SERVICE
Rake-06,2026-03-18,CLOSED,NONE,False,4000,50000,2025-09-05,2,0.0,0.0,ElectroBrake_v2,4000,100.0,0,20,2,False,1600,False,29,MAINTENANCE
Rake-07,2025-10-13,CLOSED,NONE,False,4200,50000,2025-09-12,1,0.0,0.0,HydroMech_v1,3400,97.0,1,21,2,False,600,False,29,SERVICE
Rake-08,2026-05-22,CLOSED,NONE,False,4400,50000,2025-09-13,0,0.0,0.0,ElectroBrake_v2,4200,100.0,1,22,3,False,0,False,29,SERVICE
Rake-09,2026-07-30,CLOSED,NONE,False,4000,50000,2025-09-11,2,0.0,0.0,HydroMech_v1,2800,91.0,0,20,3,False,1200,False,29,STANDBY
Rake-10,2025-12-12,CLOSED,NONE,False,4200,50000,2025-09-13,1,0.0,0.0,ElectroBrake_v2,3400,94.0,0,21,2,False,800,False,29,STANDBY
Rake-11,2026-02-28,CLOSED,NONE,True,4200,50000,2025-09-12,1,100.0,336.0,ElectroBrake_v2,3200,96.0,1,21,2,False,800,False,29,SERVICE
Rake-12,2026-08-01,CLOSED,NONE,False,4400,50000,2025-09-04,0,0.0,0.0,HydroMech_v1,1800,86.0,3,22,1,False,2400,False,29,SERVICE
Rake-13,2026-04-10,CLOSED,NONE,False,4200,50000,2025-09-13,2,0.0,0.0,ElectroBrake_v2,2600,92.0,2,21,1,False,1400,False,29,SERVICE
Rake-14,2025-10-10,CLOSED,NONE,False,4200,50000,2025-09-12,1,0.0,0.0,HydroMech_v1,3600,96.0,3,21,3,False,400,False,29,SERVICE
Rake-15,2026-06-19,CLOSED,NONE,False,4400,50000,2025-09-10,0,0.0,0.0,ElectroBrake_v2,3200,95.0,1,22,2,False,1000,False,29,SERVICE
Rake-16,2027-01-01,CLOSED,NONE,False,4000,50000,2025-09-13,2,0.0,0.0,ElectroBrake_v2,4000,100.0,0,20,2,False,1800,False,29,MAINTENANCE
Rake-17,2026-09-05,CLOSED,NONE,True,4200,50000,2025-09-11,1,40.0,336.0,HydroMech_v1,1600,86.0,3,21,1,False,2400,False,29,SERVICE
Rake-18,2026-11-20,CLOSED,NONE,False,4400,50000,2025-09-13,0,0.0,0.0,ElectroBrake_v2,4000,98.0,2,22,2,False,200,False,29,SERVICE
Rake-19,2026-10-10,CLOSED,NONE,False,4000,50000,2025-09-06,1,0.0,0.0,HydroMech_v1,1800,89.0,2,20,3,False,2000,False,29,SERVICE
Rake-20,2025-10-13,CLOSED,NONE,False,4200,50000,2025-09-12,2,0.0,0.0,ElectroBrake_v2,2600,92.0,2,21,1,False,1400,False,29,SERVICE
Rake-21,2026-12-01,CLOSED,NONE,False,4200,50000,2025-09-13,1,0.0,0.0,ElectroBrake_v2,3400,94.0,0,21,2,False,800,False,29,STANDBY
Rake-22,2026-04-15,CLOSED,NONE,False,4400,50000,2025-09-12,0,0.0,0.0,HydroMech_v1,3800,96.0,3,22,2,False,400,False,29,SERVICE
Rake-23,2026-07-20,CLOSED,NONE,True,4400,50000,2025-09-11,2,120.0,352.0,ElectroBrake_v2,2800,92.0,2,22,2,False,1400,False,29,SERVICE
Rake-24,2026-08-25,CLOSED,NONE,False,4200,50000,2025-09-10,1,0.0,0.0,HydroMech_v1,3400,97.0,1,21,2,False,600,False,29,SERVICE
Rake-25,2026-01-30,CLOSED,NONE,False,4400,50000,2025-09-13,0,0.0,0.0,ElectroBrake_v2,4200,100.0,1,22,3,False,0,False,29,SERVICE
Rake-01,2026-10-20,CLOSED,NONE,False,4400,50000,2025-09-12,0,0.0,0.0,ElectroBrake_v2,2400,88.0,0,22,1,False,2000,False,30,STANDBY
Rake-02,2025-10-12,CLOSED,NONE,False,4400,50000,2025-09-10,1,0.0,0.0,HydroMech_v1,3600,96.0,2,22,4,False,600,False,30,SERVICE
Rake-03,2026-01-15,CLOSED,NONE,False,4200,50000,2025-09-12,2,0.0,0.0,ElectroBrake_v2,3400,97.0,1,21,3,False,600,False,30,SERVICE
Rake-04,2025-11-05,CLOSED,NONE,True,4400,50000,2025-09-11,1,60.0,352.0,ElectroBrake_v2,3000,94.0,1,22,2,False,1200,False,30,SERVICE
Rake-05,2026-09-15,CLOSED,NONE,True,4400,50000,2025-09-12,0,80.0,352.0,HydroMech_v1,3800,96.0,3,22,4,False,400,False,30,SERVICE
Rake-06,2026-03-18,CLOSED,NONE,False,4200,50000,2025-09-05,2,0.0,0.0,ElectroBrake_v2,4000,100.0,1,21,2,False,0,False,30,SERVICE
Rake-07,2025-10-13,CLOSED,NONE,False,4400,50000,2025-09-12,1,0.0,0.0,HydroMech_v1,3400,95.0,2,22,2,False,800,False,30,SERVICE
Rake-08,2026-05-22,CLOSED,NONE,False,4600,50000,2025-09-13,0,0.0,0.0,ElectroBrake_v2,4200,98.0,2,23,3,False,200,False,30,SERVICE
Rake-09,2026-07-30,CLOSED,NONE,False,4200,50000,2025-09-11,2,0.0,0.0,HydroMech_v1,2800,94.0,1,21,3,False,1200,False,30,SERVICE
Rake-10,2025-12-12,CLOSED,NONE,False,4400,50000,2025-09-13,1,0.0,0.0,ElectroBrake_v2,3400,96.0,1,22,2,False,800,False,30,SERVICE
Rake-11,2026-02-28,CLOSED,NONE,True,4400,50000,2025-09-12,1,100.0,352.0,ElectroBrake_v2,3200,94.0,2,22,2,False,1000,False,30,SERVICE
Rake-12,2026-08-01,CLOSED,NONE,False,4400,50000,2025-09-04,0,0.0,0.0,HydroMech_v1,4400,100.0,0,22,2,False,2600,False,30,MAINTENANCE
Rake-13,2026-04-10,CLOSED,NONE,False,4400,50000,2025-09-13,2,0.0,0.0,ElectroBrake_v2,2600,90.0,3,22,1,False,1600,False,30,SERVICE
Rake-14,2025-10-10,CLOSED,NONE,False,4200,50000,2025-09-12,1,0.0,0.0,HydroMech_v1,3600,94.0,0,21,3,False,600,False,30,STANDBY
Rake-15,2026-06-19,CLOSED,NONE,False,4600,50000,2025-09-10,0,0.0,0.0,ElectroBrake_v2,3200,93.0,2,23,2,False,1200,False,30,SERVICE
Rake-16,2027-01-01,CLOSED,NONE,False,4200,50000,2025-09-13,2,0.0,0.0,ElectroBrake_v2,4000,100.0,1,21,2,False,0,False,30,SERVICE
Rake-17,2026-09-05,CLOSED,NONE,True,4200,50000,2025-09-11,1,40.0,336.0,HydroMech_v1,4200,100.0,0,21,2,False,2600,False,30,MAINTENANCE
Rake-18,2026-11-20,CLOSED,NONE,False,4400,50000,2025-09-13,0,0.0,0.0,ElectroBrake_v2,4000,96.0,0,22,2,False,400,False,30,STANDBY
Rake-19,2026-10-10,CLOSED,NONE,False,4200,50000,2025-09-06,1,0.0,0.0,HydroMech_v1,1800,87.0,3,21,3,False,2200,False,30,SERVICE
Rake-20,2025-10-13,CLOSED,NONE,False,4400,50000,2025-09-12,2,0.0,0.0,ElectroBrake_v2,2600,90.0,3,22,1,False,1600,False,30,SERVICE
Rake-21,2026-12-01,CLOSED,NONE,False,4400,50000,2025-09-13,1,0.0,0.0,ElectroBrake_v2,3400,96.0,1,22,2,False,800,False,30,SERVICE
Rake-22,2026-04-15,CLOSED,NONE,False,4400,50000,2025-09-12,0,0.0,0.0,HydroMech_v1,3800,94.0,0,22,2,False,600,False,30,STANDBY
Rake-23,2026-07-20,CLOSED,NONE,True,4400,50000,2025-09-11,2,120.0,352.0,ElectroBrake_v2,2800,90.0,0,22,2,False,1600,False,30,STANDBY
Rake-24,2026-08-25,CLOSED,NONE,False,4400,50000,2025-09-10,1,0.0,0.0,HydroMech_v1,3400,95.0,2,22,2,False,800,False,30,SERVICE
Rake-25,2026-01-30,CLOSED,NONE,False,4600,50000,2025-09-13,0,0.0,0.0,ElectroBrake_v2,4200,98.0,2,23,3,False,200,False,30,SERVICE
